id;author/id;author/name;author/url;taxonomies/ids;participatory_space/id;participatory_space/url;component/id;title/ca;title/en;title/machine_translations/es;body/ca;body/en;body/machine_translations/es;address;latitude;longitude;state;state_published_at;reference;answer/en;answer/ca;answer/es;answered_at;votes;endorsements/total_count;endorsements/user_endorsements;comments;attachments;follows_count;published_at;url;meeting_urls;related_proposals;is_amend;original_proposal/title;original_proposal/url;withdrawn;withdrawn_at;created_at;updated_at;created_in_meeting;coauthorships_count;cost;cost_report;execution_period;title/es;original_proposal/title/ca;original_proposal/title/en;original_proposal/title/machine_translations/es
3;1;Nightly Decidim;https://nightly.decidim.org/;"";1;https://nightly.decidim.org/processes/premium-horizon;7;Itaque perferendis.;Architecto laborum.;Expedita nemo.;Velit quo reiciendis.;Incidunt facilis omnis.;Ut totam animi.;8995 Wilkinson Highway 97842 Moenfurt;-83.49252110256795;-64.28833998779858;rejected;2025-01-29 11:08:58 UTC;NIGHT-PROP-2025-01-3;"";"";"";2025-01-29 11:08:58 UTC;0;18;Ty Boyle, Sen. Edison Streich, Hye Leuschke, Logan Sanford, Evalyn Mante, Tracy Powlowski, Dorthea Bernier IV, Hiram Cassin, Pres. Nicolas Weber, Leo Stroman, Lidia Senger, Nyla Kihn, Penney Rutherford Sr., Gail Kozey, Mickey Leuschke, Caleb Johnson, Joe Johnson, Rep. Don Mayer;1;0;0;2025-01-29 11:08:58 UTC;https://nightly.decidim.org/processes/premium-horizon/f/7/proposals/3;"";"";false;;;false;;2025-01-29 11:08:58 UTC;2025-01-29 11:10:55 UTC;false;1;;;;;;;
4;1;Nightly Decidim;https://nightly.decidim.org/;"";1;https://nightly.decidim.org/processes/premium-horizon;7;Adipisci quo.;Reprehenderit eum.;In voluptas.;Qui commodi ut.;Dolorem harum voluptatem.;Non quia sit.;934 Robin Vista 11337 Lake Lesville;51.456034207059304;20.113594702741892;"";;NIGHT-PROP-2025-01-4;"";"";"";;0;29;Thu Gerhold, Darrick Kirlin I, Hee Mayert, Winston McClure, Keila Roberts, Katelin Shanahan DO, Merlin Crona, Paige Koelpin II, Lucien Fadel, Marianela Kovacek, Nelly Jacobs JD, Miss Kathern Frami, Justine Bergstrom, Alexander Morissette, Malisa Swaniawski III, Jayson Reilly, Mose Jaskolski, Wanda Jacobs, Armand Buckridge, Kaitlyn Carroll, Ka Veum, Merle Hettinger, Charisse Abernathy, Briana Parker, Benny Jast, The Hon. Erick Daniel, Arla Collier JD, Randolph D'Amore, Jerold Herman;8;0;0;2025-01-29 11:09:01 UTC;https://nightly.decidim.org/processes/premium-horizon/f/7/proposals/4;"";"";false;;;false;;2025-01-29 11:09:01 UTC;2025-01-29 11:09:01 UTC;false;1;;;;;;;
5;24;Rod Bartell II;https://nightly.decidim.org/profiles/benjamin-ffce2635;"";1;https://nightly.decidim.org/processes/premium-horizon;7;;;;Nemo unde id. At animi odio. Iure dolor consequatur.;Officiis inventore amet. Quod omnis id. Non ex fugiat.;"Tempore blanditiis id. Harum voluptas nostrum. Eligendi eos
pariatur.";;;;evaluating;;NIGHT-PROP-2025-01-5;"";"";"";2025-01-29 11:09:01 UTC;1;46;Breann Beahan DC, Josiah Collins, Akiko Frami, Terrence Dibbert CPA, Sen. Randy Kunde, Rema Harvey DO, Ettie Pagac, Reid Runolfsdottir, Mose Jaskolski, Jodi Macejkovic DO, Rep. Sharyn Abbott, Dewayne O'Reilly, Darron Hegmann, Buck Leffler, Msgr. Rusty Haley, Philip Smith MD, Gladys Moen, Gwen Kunze, Norris VonRueden, Kristofer Mitchell, The Hon. Clarence Rohan, Marceline Orn, Miss Vergie Abbott, The Hon. Marcellus Jakubowski, Yuriko Mueller, Buster Ankunding, Chrystal Schinner, Lidia Senger, Christia Legros MD, Elroy Bosco, Burton Ratke, Miss Moriah Schroeder, Joye Hettinger, Chong Erdman, Owen Hermiston, Gordon Conroy Sr., Aubrey Keebler PhD, Leilani Keebler, Prof. Tamera Koss, Claudio Kovacek, Jami Jerde, Myles McLaughlin, Jackeline Kling, Lee Frami, Tommye Marquardt, Hermila Fisher;0;0;1;2025-01-29 11:09:01 UTC;https://nightly.decidim.org/processes/premium-horizon/f/7/proposals/5;"";"";true;;https://nightly.decidim.org/processes/premium-horizon/f/7/proposals/4;false;;2025-01-29 11:09:01 UTC;2025-01-29 11:09:01 UTC;false;1;;;;;Adipisci quo.;Reprehenderit eum.;In voluptas.
6;24;Gov. Marna Johnston;https://nightly.decidim.org/profiles/ashly-8907;"";1;https://nightly.decidim.org/processes/premium-horizon;7;Hic quasi.;Omnis quisquam.;Amet facilis.;Expedita fugit culpa.;Harum distinctio aperiam.;Consequatur animi aliquam.;812 Swaniawski Station 06800-0968 Yundtland;-66.93569275490567;4.357387966967707;"";;NIGHT-PROP-2025-01-6;"";"";"";;1;42;The Hon. Gene Torphy, Garrett Greenholt, Ebonie Erdman, Fr. Odis Muller, Eugene Rippin, Tabitha Zemlak, Heather Cassin, Florrie Kuhlman, Nikia Bradtke, Rep. Cedric Welch, Charlie Lindgren, Racheal Bednar, Tamie Larkin, Dr. Adan Heathcote, Roxane Little, Miss Britni Tremblay, Cherilyn Bernhard Jr., Milford Rath, Jena Walsh, Mrs. Timothy Mohr, Damion Mosciski, Dong Osinski, Rep. Winter Beer, Giovanni Vandervort, Sen. Dannie Hodkiewicz, Stephenie Veum, Concepcion Hauck, Holly Wolf, Arlinda Schneider, Elicia Rippin MD, Keenan Murphy, Cristi Swaniawski, Albert Klein DO, Arron Corwin, Amb. Tory Sauer, Kip Ruecker, Gale Willms, Zola Harvey, Rosalee Fadel, Josette Monahan IV, Mrs. Blair Hoppe, Olinda White;10;0;1;2025-01-29 11:09:03 UTC;https://nightly.decidim.org/processes/premium-horizon/f/7/proposals/6;"";"";false;;;false;;2025-01-29 11:09:03 UTC;2025-01-29 11:09:04 UTC;false;1;;;;;;;
7;27;Valentine Hyatt;https://nightly.decidim.org/profiles/annabelle-fd705fdc;"";1;https://nightly.decidim.org/processes/premium-horizon;7;;;;"Laborum officia soluta. Consequatur pariatur voluptatem. Omnis
commodi minus.";Temporibus accusamus et. Rerum dolores ea. Non ut consequatur.;"Eligendi asperiores laudantium. Adipisci repudiandae earum. Ad
libero provident.";;;;evaluating;;NIGHT-PROP-2025-01-7;"";"";"";2025-01-29 11:09:03 UTC;1;11;Israel King, Sal Kuhic, Viva Ratke, Adelle Rolfson, Dillon Ullrich DC, Ms. Humberto Ledner, Kenny Lehner, Octavio Torp Jr., Cara Shanahan, Frida Kiehn, Savannah Bosco;0;0;1;2025-01-29 11:09:03 UTC;https://nightly.decidim.org/processes/premium-horizon/f/7/proposals/7;"";"";true;;https://nightly.decidim.org/processes/premium-horizon/f/7/proposals/6;false;;2025-01-29 11:09:03 UTC;2025-01-29 11:09:03 UTC;false;1;;;;;Hic quasi.;Omnis quisquam.;Amet facilis.
9;5;Kunde LLC;https://nightly.decidim.org/profiles/monty_sanford;"";2;https://nightly.decidim.org/processes/stuff-midnight;16;Labore sequi.;Voluptates quia.;Eum alias.;Maxime commodi animi.;Modi pariatur voluptate.;Qui et nobis.;61924 Claretta Stream 06926-7924 East Royce;5.396493349743082;-171.31332003834825;"";;NIGHT-PROP-2025-01-9;Sapiente exercitationem pariatur sed ad nostrum suscipit deleniti voluptatem illum.;Doloribus eius tempore placeat porro reprehenderit repellendus ea praesentium corrupti.;"";2025-01-29 11:10:48 UTC;1;41;Octavio Torp Jr., Charissa Becker, Rosio Schowalter, Isiah Cassin, Angeles Mraz, Daryl Bradtke, Yoshiko Marquardt, Micheline Lowe Jr., Tai Farrell, Ira Pollich, Shelley Schulist, Maryalice Kerluke DDS, Mrs. Kyla Bailey, Mallory McDermott VM, Franklyn Farrell, Dr. Carli Cummerata, Doreatha MacGyver Sr., Charolette Hammes, Ron Becker, Bryon Altenwerth II, Marica McDermott, Madeline Glover, Teresa Parisian, Pres. Leeanne Bernhard, Mr. Felecia Grant, The Hon. Holli Nikolaus, Nicholas Greenholt JD, Jody Wisoky, Miss Harvey Wisozk, Kathe Torphy, Sen. Sterling Beier, Sen. Freeda Hansen, Aaron Lubowitz, Amb. Vella Ziemann, Shirleen Weimann, Stephan Stiedemann DDS, Bruce Predovic, Ashely Padberg, Jonah Nicolas, Maurice McDermott, Simon Leannon;9;0;0;2025-01-29 11:10:48 UTC;https://nightly.decidim.org/processes/stuff-midnight/f/16/proposals/9;"";"";false;;;false;;2025-01-29 11:10:48 UTC;2025-01-29 11:10:51 UTC;false;1;;;;;;;
10;19;Nemo vel.;https://nightly.decidim.org/processes/stuff-midnight/f/14/meetings/19;"";2;https://nightly.decidim.org/processes/stuff-midnight;16;Ut et.;Veritatis praesentium.;Aut maxime.;Harum architecto reprehenderit.;Est totam temporibus.;Perspiciatis voluptas architecto.;51656 Willow Spur 56877 O'Connertown;-46.25291231347995;-152.90509146610972;"";;NIGHT-PROP-2025-01-10;"";"";"";;2;25;Nolan Kshlerin, Wilbur Haag, Marva Armstrong, Dillon Franecki JD, Rev. Deangelo Nader, September O'Hara, Rev. Treva Willms, Louisa O'Reilly, Scarlet Watsica, Morris Ebert, Sylvester Halvorson, Sen. Edison Streich, Irina Brown, Vi Russel, Rep. Salvatore Larson, Ula Schmeler, Loren Wehner CPA, Bridget Hintz, Sen. Randy Kunde, Lavina Kohler, The Hon. Marcellus Jakubowski, Juan Carter, Gregorio Deckow II, Tresa Altenwerth DO, Leandra Feeney;1;0;0;2025-01-29 11:10:51 UTC;https://nightly.decidim.org/processes/stuff-midnight/f/16/proposals/10;"";"";false;;;false;;2025-01-29 11:10:51 UTC;2025-01-29 11:10:52 UTC;false;1;;;;;;;
11;9;Walter-Friesen;https://nightly.decidim.org/profiles/daron;"";2;https://nightly.decidim.org/processes/stuff-midnight;16;Fugit quis.;Alias aut.;Temporibus vero.;Quos voluptate reprehenderit.;Velit sapiente doloribus.;At accusamus impedit.;774 Schultz Forges 46793-9069 Idellmouth;17.94556227527839;32.01830586835837;"";;NIGHT-PROP-2025-01-11;Neque facere ab id impedit aut nulla quas ipsum repudiandae.;Rerum placeat corporis eligendi quia voluptas voluptas dolores omnis adipisci.;"";2025-01-29 11:10:52 UTC;0;38;Sen. Mose Leuschke, Charlie Davis, Fransisca Torp, Miss Vergie Abbott, Hyman Will MD, Rev. Rema Johnston, Neil Hirthe, Pres. Ida Schiller, Jamey Renner, Charisse Abernathy, Amb. Kristan Bruen, Ariel Bayer, Lamonica Jast, Deandre Hettinger, Merlin Crona, Lakia Kozey, Wilburn Schmeler DDS, Dusty Franecki I, Alessandra Kirlin DVM, Roxane Little, Olivia Mertz, Gov. Minh Bosco, Kurtis Feil IV, Brandon Frami, Nery Grady, Mr. Misha Hayes, Jacquetta Beier, Adriane Waelchi, Marcell Kozey, Augusta Pacocha, Sol Schimmel, Elanor Davis, Serina Hilll, Dagny Moore, Erlinda Klocko, Launa Kozey, Pres. Valene Gusikowski, Alvin Kozey;0;0;0;2025-01-29 11:10:52 UTC;https://nightly.decidim.org/processes/stuff-midnight/f/16/proposals/11;"";"";false;;;false;;2025-01-29 11:10:52 UTC;2025-01-29 11:10:52 UTC;false;1;;;;;;;
12;1;Nightly Decidim;https://nightly.decidim.org/;"";2;https://nightly.decidim.org/processes/stuff-midnight;16;Doloremque eos.;Veniam voluptatem.;Culpa et.;Molestiae sunt aliquam.;Autem voluptas non.;Iusto tempora animi.;92580 Romaguera Brook 57156-5353 New Rethaland;-38.76348339693491;-24.33592069571054;"";;NIGHT-PROP-2025-01-12;Earum ex aliquam molestias pariatur sint provident nobis eum qui.;Natus quia enim qui eaque dolor hic neque repudiandae blanditiis.;"";2025-01-29 11:10:52 UTC;1;48;Gino Weissnat, Mr. Branden Walsh, Cole Schultz, Emile Bauch, Lakia Kozey, Rosetta Hettinger Sr., Lidia Senger, Rep. Kasey Stanton, Kandace Wiegand, Scottie Collins, Marty Wintheiser, Brendan Metz, Emilee Schuster, Israel King, Annalee Kuhic, Charlie Lindgren, Hye Leuschke, Fernando Batz, Flo Stroman, Rep. Torri Langworth, Thersa Blanda, Charla Stoltenberg, Bernadette Gleichner LLD, Mrs. Kyla Bailey, Anthony Erdman, Mikel Dooley, Jenine Miller, Shelley Schulist, Zachariah Huel MD, Carlo Moore, Darius D'Amore, Cristopher Jaskolski, Conrad Lockman, Helene Ritchie, Morris Ebert, Garret Macejkovic, Aracely Quigley Sr., Marianela Kovacek, Elke Torphy VM, Rocky Mohr, George Balistreri, The Hon. Clarence Rohan, Anneliese Walter, Leopoldo Schneider, Pam Rau, Wilfredo Balistreri, Pres. Napoleon Ward, Geraldo Terry;7;0;0;2025-01-29 11:10:52 UTC;https://nightly.decidim.org/processes/stuff-midnight/f/16/proposals/12;"";"";false;;;false;;2025-01-29 11:10:52 UTC;2025-01-29 11:10:54 UTC;false;1;;;;;;;
13;30;Amet qui.;https://nightly.decidim.org/assemblies/compete-scale/f/23/meetings/30;"";1;https://nightly.decidim.org/assemblies/compete-scale;25;Omnis harum.;Cupiditate molestias.;Ea necessitatibus.;Animi et voluptas.;Et corrupti non.;Dolore recusandae odio.;;;;"";;NIGHT-PROP-2025-01-13;Voluptatem explicabo voluptatem sint ut suscipit autem maiores earum perspiciatis.;Aut dolor molestiae alias provident sint quae et ratione voluptatem.;"";2025-01-29 11:12:10 UTC;0;31;Monte Larson, Teresa Parisian, Angila Hills, Gregorio Deckow II, Scott Mayer, Benito Yost, Curt Bayer, Thad Weissnat, Selena Adams, Mrs. Ralph Hartmann, Felton Senger, Franklyn Farrell, Lakia Kozey, Troy O'Hara I, Owen Hermiston, Blaine Marquardt, The Hon. Gene Torphy, Lieselotte Jakubowski, Rep. Kizzie Price, Chelsea Schultz, Msgr. Kassie Rowe, Ricardo Kautzer V, Nita Gleason, Stephan Stiedemann DDS, Cathey Kerluke, Gino Weissnat, Katina Koch, The Hon. Angelique Bruen, Saul Haley, Ha Ziemann PhD, Sen. Raymon Hickle;11;0;0;2025-01-29 11:12:10 UTC;https://nightly.decidim.org/assemblies/compete-scale/f/25/proposals/13;"";"";false;;;false;;2025-01-29 11:12:10 UTC;2025-01-29 11:12:14 UTC;false;1;;;;;;;
14;469;Mr. Elenora Roberts;https://nightly.decidim.org/profiles/vinnie_effertz-0de6a;"";1;https://nightly.decidim.org/assemblies/compete-scale;25;;;;"Asperiores voluptas eaque. Incidunt esse aut. Temporibus eius
error.";"Ratione hic error. Quo laborum necessitatibus. Magnam deleniti
iusto.";Dolorem dolor soluta. Eum nobis magni. Minima saepe voluptatem.;;;;evaluating;;NIGHT-PROP-2025-01-14;"";"";"";2025-01-29 11:12:10 UTC;1;18;Rae Olson, Alfonso Quitzon, Sen. Serita Torp, Lindsy Dare MD, Isreal Kohler, Joye Hettinger, Rev. Hassan Aufderhar, Rep. Gregg Schmeler, Pam Rau, Janette Goodwin, Juliette Rempel, Charlie Buckridge, Gwenn Champlin, Patti Erdman, Sergio Yost, Rep. Sharyn Abbott, Billy Homenick, Sen. Bess Hayes;0;0;1;2025-01-29 11:12:10 UTC;https://nightly.decidim.org/assemblies/compete-scale/f/25/proposals/14;"";"";true;;https://nightly.decidim.org/assemblies/compete-scale/f/25/proposals/13;false;;2025-01-29 11:12:10 UTC;2025-01-29 11:12:10 UTC;false;1;;;;;Omnis harum.;Cupiditate molestias.;Ea necessitatibus.
15;28;Valentine Hyatt;https://nightly.decidim.org/profiles/annabelle-fd705fdc;"";1;https://nightly.decidim.org/assemblies/compete-scale;25;Laboriosam consequatur.;Sed consequatur.;Eaque soluta.;Pariatur aut assumenda.;Rerum quae illum.;Excepturi tempore iure.;;;;evaluating;2025-01-29 11:12:15 UTC;NIGHT-PROP-2025-01-15;"";"";"";2025-01-29 11:12:15 UTC;1;27;Pres. Sook Raynor, Vincent Reynolds DO, Chere Borer, Tasha Williamson, Ryan Hermann, Marshall Auer, Kirk Haag I, Weston Ferry, Wilmer Mueller, Hong Prohaska, Ms. Aurelio Johns, Marlin Ledner, Whitney Bradtke, Prof. Stephaine Abshire, Asley Hammes, Vito Huels, Barabara Skiles, Helena Schoen, Sergio Yost, Dr. Rey Hodkiewicz, Amparo Goodwin, Jeremiah Bechtelar, Christia Legros MD, Jeffrey Pollich, Gilda Hammes, Kimbery Bogisich DO, Blondell Murray;9;0;0;2025-01-29 11:12:15 UTC;https://nightly.decidim.org/assemblies/compete-scale/f/25/proposals/15;"";"";false;;;false;;2025-01-29 11:12:15 UTC;2025-01-29 11:12:16 UTC;false;1;;;;;;;
16;177;Narcisa Lind;https://nightly.decidim.org/profiles/renay-3554;"";1;https://nightly.decidim.org/assemblies/compete-scale;25;Hic doloribus.;Magni nihil.;Dolor optio.;Eum modi enim.;Quo autem quae.;Animi libero laboriosam.;;;;"";;NIGHT-PROP-2025-01-16;"";"";"";;2;28;Yan Mayer, Gladys Moen, Marcell Kozey, Desiree Sanford, Alena Funk, Eric O'Reilly, Rolf Schowalter DC, Penney Rutherford Sr., Edmund Franecki, Sen. Bess Hayes, The Hon. Lyndon Sawayn, Lorene Olson, Charlott Ratke, Kimberlie Connelly, Monte Larson, The Hon. Wava Padberg, Lyndsay Glover DC, The Hon. Gene Torphy, Amb. Tristan Erdman, Indira Beer, Breann Beahan DC, Meridith Conroy, Donnell Frami, Msgr. Laure Cremin, Pres. Sook Raynor, Oswaldo Heidenreich, Nikia Bradtke, Courtney Powlowski DO;10;0;1;2025-01-29 11:12:16 UTC;https://nightly.decidim.org/assemblies/compete-scale/f/25/proposals/16;"";"";false;;;false;;2025-01-29 11:12:16 UTC;2025-01-29 11:12:19 UTC;false;1;;;;;;;
17;473;Verdell Olson;https://nightly.decidim.org/profiles/donnell-2e749993;"";1;https://nightly.decidim.org/assemblies/compete-scale;25;;;;Aut hic et. Aut pariatur id. Error a consequatur.;Eos sunt est. Ducimus rem possimus. Voluptatem distinctio enim.;Ad recusandae sed. Id labore aliquid. Iure animi qui.;;;;evaluating;;NIGHT-PROP-2025-01-17;"";"";"";2025-01-29 11:12:17 UTC;1;29;Kati Spencer, Lamonica Jast, Calvin Hagenes, Gisela Schmidt, Hong Bailey, Rafaela Murphy, Gaylene Hagenes, Harry Torphy, Eneida Towne III, Cathern Batz, Rep. Kasey Stanton, Garth Fritsch, Celia Mante Sr., Tommie O'Keefe, Kimbery Bogisich DO, Ali Zieme III, Kirstin Waelchi, Adela Effertz, Dedra Borer, Stanton McLaughlin Jr., Emmanuel Hackett, Jerry Schiller, Allen Ruecker, Grazyna Hermann, Louis Feeney DC, Christia Legros MD, Blondell Murray, Emery Osinski, Mr. Marvel Crooks;0;0;1;2025-01-29 11:12:17 UTC;https://nightly.decidim.org/assemblies/compete-scale/f/25/proposals/17;"";"";true;;https://nightly.decidim.org/assemblies/compete-scale/f/25/proposals/16;false;;2025-01-29 11:12:17 UTC;2025-01-29 11:12:17 UTC;false;1;;;;;Hic doloribus.;Magni nihil.;Dolor optio.
18;474;Verdell Olson;https://nightly.decidim.org/profiles/donnell-2e749993;"";1;https://nightly.decidim.org/assemblies/compete-scale;25;Aut sit.;Odio maxime.;Repellat quis.;Voluptatum reprehenderit qui.;Eos fuga magni.;Aspernatur magnam molestiae.;;;;evaluating;2025-01-29 11:12:19 UTC;NIGHT-PROP-2025-01-18;"";"";"";2025-01-29 11:12:19 UTC;0;10;Concepcion Hauck, Lamonica Jast, Jenni Cummings JD, Miss Harvey Wisozk, Gov. Latanya Herman, Armando Harvey, Dorthea Bernier IV, Ivan Hermiston, Shavon Dooley, Tona Rice;4;0;0;2025-01-29 11:12:19 UTC;https://nightly.decidim.org/assemblies/compete-scale/f/25/proposals/18;"";"";false;;;false;;2025-01-29 11:12:19 UTC;2025-01-29 11:12:19 UTC;false;1;;;;;;;
19;27;Maxime qui.;https://nightly.decidim.org/assemblies/compete-scale/f/23/meetings/27;"";1;https://nightly.decidim.org/assemblies/compete-scale;25;Sint et.;Aspernatur consequuntur.;Consequatur et.;Maxime aliquam beatae.;Veniam sint optio.;Ipsam quia ea.;;;;"";;NIGHT-PROP-2025-01-19;"";"";"";;1;12;Keila Roberts, Garth Fritsch, Shaquana VonRueden, Tashia Okuneva, Les Roberts, Lynna Gusikowski, Everett Wilkinson, Shirleen Weimann, Breanna Harris, Ashely Padberg, Garret McClure Sr., Deann Collier;0;0;0;2025-01-29 11:12:19 UTC;https://nightly.decidim.org/assemblies/compete-scale/f/25/proposals/19;"";"";false;;;false;;2025-01-29 11:12:19 UTC;2025-01-29 11:12:19 UTC;false;1;;;;;;;
20;478;Leoma Upton Esq.;https://nightly.decidim.org/profiles/conrad-12fa1235;"";1;https://nightly.decidim.org/assemblies/compete-scale;25;;;;Et aperiam sit. Consequatur vel officia. Dolore amet sequi.;"Dolore aperiam ullam. Blanditiis ut voluptatem. Corporis
cupiditate nulla.";"Excepturi ut at. Voluptatem temporibus tenetur. Praesentium
libero maxime.";;;;evaluating;;NIGHT-PROP-2025-01-20;"";"";"";2025-01-29 11:12:20 UTC;1;33;Versie Hermann, Rodrigo Marks VM, Anneliese Walter, Freda Auer, Elza Mohr, Tracy Powlowski, Jenine Miller, Fr. Jess Grimes, Hye Leuschke, Ermelinda O'Hara, Santo Powlowski, Pres. Salvatore Ratke, Eli Conn, Rev. Rema Johnston, Daniel Muller, Corrina Runte, Cristopher Upton MD, Holly Wolf, Tangela Murazik, Vivienne Kerluke VM, Miss Natalie Douglas, Susann Langosh, Bart Walter, Miss Wilfredo Welch, Doreatha MacGyver Sr., Ms. Patrick Waters, Jerome Spencer, Darrick Kirlin I, Dr. Tiara Wunsch, Jeffry Halvorson, Rep. Gaynell Mayer, Inger Lebsack, Aldo Corwin;0;0;1;2025-01-29 11:12:20 UTC;https://nightly.decidim.org/assemblies/compete-scale/f/25/proposals/20;"";"";true;;https://nightly.decidim.org/assemblies/compete-scale/f/25/proposals/19;false;;2025-01-29 11:12:20 UTC;2025-01-29 11:12:20 UTC;false;1;;;;;Sint et.;Aspernatur consequuntur.;Consequatur et.
21;1;Nightly Decidim;https://nightly.decidim.org/;"";2;https://nightly.decidim.org/assemblies/nursery-thirsty;34;Officia dolorem.;Molestias quas.;Sed rerum.;Officiis ut est.;Dignissimos ut asperiores.;Quia nihil non.;;;;accepted;2025-01-29 11:14:03 UTC;NIGHT-PROP-2025-01-21;Ab omnis et aut ea aut et sit porro voluptatum.;Eos quis libero consectetur similique dolor ipsam non dolorum quam.;"";2025-01-29 11:14:03 UTC;0;43;Booker Schaefer, Rev. Marco Kuvalis, Pres. Latosha Wehner, Pres. Shera Senger, Weston Nitzsche, Prof. Noella Konopelski, Amb. Fatimah Bernier, Alton Ward, Williams Hermann, Esteban Feest, Oswaldo Heidenreich, Prof. Hettie Gerhold, Sal Gislason Sr., Quinn Kuhic, Clyde Dickens, Narcisa Lind, Calvin Lesch, Shante Senger, Jacques Blick, Patti Erdman, Fernando Hamill, Chas Steuber DVM, Catherine Beatty, Fr. Robbie Donnelly, Yulanda Becker, Vivienne Kerluke VM, Tory Windler, Dr. Marianne Schoen, Francesca Rolfson, Myles McLaughlin, Wayne Stark, Ha Ziemann PhD, Sylvia Will, Nereida Howell PhD, Lucretia Fisher MD, Jamie Kozey, Willy Hegmann, Carmelo Walsh, Sol Schimmel, Felton Considine, Theron Schulist, Marvin Erdman, Janita Okuneva MD;9;1;0;2025-01-29 11:14:03 UTC;https://nightly.decidim.org/assemblies/nursery-thirsty/f/34/proposals/21;"";"";false;;;false;;2025-01-29 11:14:03 UTC;2025-01-29 11:14:04 UTC;false;1;;;;;;;
22;7;Barrows LLC;https://nightly.decidim.org/profiles/fonda_krajcik;"";2;https://nightly.decidim.org/assemblies/nursery-thirsty;34;Eligendi facilis.;Unde est.;Non quos.;Fugiat quis tenetur.;Est unde consequatur.;Esse deleniti exercitationem.;;;;"";;NIGHT-PROP-2025-01-22;"";"";"";;1;19;Marty Wintheiser, Mrs. Adria Baumbach, Ardis Padberg, Kelly Hudson, Tereasa O'Hara, Isiah Welch, Sen. Raymon Hickle, Nita Gleason, Max Carter V, Emery Osinski, Dustin Kuhn, Miss Whitney Streich, Kareem Borer, Lonny Botsford, Lavette Lueilwitz, Willian Koelpin, Stasia Wisozk, Gilda Hammes, Thu Gerhold;10;1;0;2025-01-29 11:14:05 UTC;https://nightly.decidim.org/assemblies/nursery-thirsty/f/34/proposals/22;"";"";false;;;false;;2025-01-29 11:14:05 UTC;2025-01-29 11:14:09 UTC;false;1;;;;;;;
23;36;Nesciunt nostrum.;https://nightly.decidim.org/assemblies/nursery-thirsty/f/32/meetings/36;"";2;https://nightly.decidim.org/assemblies/nursery-thirsty;34;Esse quasi.;Blanditiis eum.;Doloremque aut.;Nihil animi aut.;Tempore nemo qui.;Eveniet aliquam assumenda.;;;;"";;NIGHT-PROP-2025-01-23;Qui omnis sed omnis quod ad rerum est mollitia eos.;Repellendus maiores quis voluptatem beatae debitis aut doloribus quaerat rerum.;"";2025-01-29 11:14:09 UTC;2;12;Phillis Nienow, Scott Mayer, Jess Jerde, Rep. Felice Kassulke, Joi Lehner, Calvin Hagenes, Nelly Hauck, Jacqui Walsh III, Lucio Keeling, Eliza Adams, Dyan O'Keefe, Pres. Ida Schiller;1;1;0;2025-01-29 11:14:09 UTC;https://nightly.decidim.org/assemblies/nursery-thirsty/f/34/proposals/23;"";"";false;;;false;;2025-01-29 11:14:09 UTC;2025-01-29 11:14:09 UTC;false;1;;;;;;;
24;8;Schiller Inc;https://nightly.decidim.org/profiles/wanita;"";2;https://nightly.decidim.org/assemblies/nursery-thirsty;34;Molestiae recusandae.;Ut dignissimos.;Sit impedit.;Facilis ad vel.;Ex voluptas qui.;Voluptatem maxime tenetur.;;;;accepted;2025-01-29 11:14:10 UTC;NIGHT-PROP-2025-01-24;Quas quam mollitia ducimus architecto saepe nisi amet ex voluptatem.;Velit error vero doloribus qui voluptatem omnis accusantium temporibus earum.;"";2025-01-29 11:14:10 UTC;0;42;Boyd Lakin, Tracy Hodkiewicz DDS, Dr. Isiah Gorczany, Renita Buckridge, Reggie Abbott V, Evita Dibbert, Terrence Kunze, Savannah Bosco, Eliza Adams, Morris Ebert, Sharie Hackett, Mrs. Theo Howe, Leigh Renner, Sen. Serita Torp, Moriah Beier, Katerine Beatty, Mack Boyle, Gilda Hammes, Nicole Ondricka JD, Vergie Brekke, Elicia Rippin MD, Huey Murazik, Richie Oberbrunner, Garret McClure Sr., Josefina Crist, Sean Dare, Carlie Ritchie JD, Mr. Misha Hayes, Weston Ferry, Rep. Lea Lubowitz, Damien Abernathy, Nenita Osinski, Gregorio Deckow II, Annabel Fahey, Kiera Frami, Charlott Ratke, Prof. Irvin Stoltenberg, Aaron Lubowitz, Retha Stark, Felton Senger, Leandra Feeney, Andrea Jones;1;1;0;2025-01-29 11:14:10 UTC;https://nightly.decidim.org/assemblies/nursery-thirsty/f/34/proposals/24;"";"";false;;;false;;2025-01-29 11:14:10 UTC;2025-01-29 11:14:10 UTC;false;1;;;;;;;
25;1;Nightly Decidim;https://nightly.decidim.org/;"";2;https://nightly.decidim.org/assemblies/nursery-thirsty;34;Consequuntur vero.;Unde error.;Quasi sed.;Provident hic veniam.;Recusandae libero autem.;Id enim nihil.;;;;rejected;2025-01-29 11:14:12 UTC;NIGHT-PROP-2025-01-25;"";"";"";2025-01-29 11:14:12 UTC;0;4;Amina Stehr, Grant Thompson, Gail Padberg, Garrett Greenholt;8;1;0;2025-01-29 11:14:12 UTC;https://nightly.decidim.org/assemblies/nursery-thirsty/f/34/proposals/25;"";"";false;;;false;;2025-01-29 11:14:12 UTC;2025-01-29 11:14:13 UTC;false;1;;;;;;;
26;42;Laboriosam quaerat.;https://nightly.decidim.org/assemblies/rung-academy/f/41/meetings/42;"";3;https://nightly.decidim.org/assemblies/rung-academy;43;Nesciunt qui.;Ut porro.;Quia reiciendis.;Dolor provident quia.;Ea libero eos.;Ut porro omnis.;627 Barrows Views 42892 Wilhelminafort;87.2225489907469;128.02339825672874;evaluating;2025-01-29 11:15:38 UTC;NIGHT-PROP-2025-01-26;"";"";"";2025-01-29 11:15:38 UTC;0;32;Malorie Hintz, Maisha Kohler, Travis Little, Shaunte Zulauf, Magdalen Cormier, Mrs. Alex Cummings, Prof. Mari Marquardt, Billie Wilkinson, Israel King, Yuko Ondricka, Kieth Ankunding, Waylon Leffler, Star O'Conner, Tommye Marquardt, Anette Gibson III, Mr. Christin Hills, Lauretta White, Dillon Ullrich DC, Nelly Hauck, Lynetta Wilderman V, Sen. Barrie Parisian, Hien Homenick, Pres. Salvatore Ratke, Amina Stehr, Kristian Pfannerstill VM, Jimmie Kiehn, Mrs. Elena Lakin, Concepcion Price DC, Cheryll Ritchie, Val Schaden I, Mikki Corwin, Quinn Kuhic;8;1;0;2025-01-29 11:15:38 UTC;https://nightly.decidim.org/assemblies/rung-academy/f/43/proposals/26;"";"";false;;;false;;2025-01-29 11:15:38 UTC;2025-01-29 11:15:39 UTC;false;1;;;;;;;
27;47;Eos quo.;https://nightly.decidim.org/assemblies/rung-academy/f/41/meetings/47;"";3;https://nightly.decidim.org/assemblies/rung-academy;43;Alias nulla.;Inventore rerum.;Adipisci consequatur.;Nemo illo vel.;Et voluptatem velit.;Aut ut non.;5719 Ciara Cove 22807 O'Reillyport;11.311930133689614;-7.650333926860242;evaluating;2025-01-29 11:15:40 UTC;NIGHT-PROP-2025-01-27;"";"";"";2025-01-29 11:15:40 UTC;1;7;Evita Dibbert, Jody Wisoky, Sen. Sterling Beier, Jonah Nicolas, Sergio Grant, Daren Boyer, Deandre Fadel;7;1;0;2025-01-29 11:15:40 UTC;https://nightly.decidim.org/assemblies/rung-academy/f/43/proposals/27;"";"";false;;;false;;2025-01-29 11:15:40 UTC;2025-01-29 11:15:41 UTC;false;1;;;;;;;
28;1;Nightly Decidim;https://nightly.decidim.org/;"";3;https://nightly.decidim.org/assemblies/rung-academy;43;Culpa reprehenderit.;Dolores nulla.;Eaque quidem.;Porro consequatur laudantium.;Eveniet quis dolorem.;Minima mollitia sunt.;403 Feil Throughway 73016 Wileyfort;-4.277659677341916;-13.693336805626558;evaluating;2025-01-29 11:15:42 UTC;NIGHT-PROP-2025-01-28;"";"";"";2025-01-29 11:15:42 UTC;2;16;Myles McLaughlin, Lee Frami, Robert Gerlach, Arnulfo Dare, Rev. Moshe Rogahn, Waylon Leffler, Estell Sipes, Morris Beier LLD, Tatiana VonRueden, Rev. Takisha Miller, Carolyn Rowe, Marietta Wisozk, Buddy Moore, Akiko Frami, Franchesca Abshire Sr., Cary Smitham;6;1;0;2025-01-29 11:15:42 UTC;https://nightly.decidim.org/assemblies/rung-academy/f/43/proposals/28;"";"";false;;;false;;2025-01-29 11:15:42 UTC;2025-01-29 11:15:43 UTC;false;1;;;;;;;
29;1;Nightly Decidim;https://nightly.decidim.org/;"";3;https://nightly.decidim.org/assemblies/rung-academy;43;Quia vero.;Aut maiores.;Repellendus temporibus.;Veritatis enim expedita.;Architecto quae et.;Rerum nemo dolorem.;39177 Mohammad Dam 48539 Port Rick;-81.00191847456269;-43.41322735082608;"";;NIGHT-PROP-2025-01-29;In et ut voluptatem sed nihil ad cumque laborum facere.;Molestiae maiores provident soluta enim ullam maxime rem hic ut.;"";2025-01-29 11:15:45 UTC;0;4;Fr. Robbie Donnelly, Msgr. Yen Mertz, Idalia Kris, Bertram Sipes Ret.;0;1;0;2025-01-29 11:15:45 UTC;https://nightly.decidim.org/assemblies/rung-academy/f/43/proposals/29;"";"";false;;;false;;2025-01-29 11:15:45 UTC;2025-01-29 11:15:45 UTC;false;1;;;;;;;
30;937;Tonisha Krajcik;https://nightly.decidim.org/profiles/chantay-f53be522;"";3;https://nightly.decidim.org/assemblies/rung-academy;43;;;;Dolorem saepe quis. Maiores nisi laborum. In explicabo sint.;"Assumenda accusantium id. Provident unde enim. Et necessitatibus
soluta.";Consequatur neque vel. Deserunt dolorem ad. Porro qui beatae.;;;;evaluating;;NIGHT-PROP-2025-01-30;"";"";"";2025-01-29 11:15:45 UTC;1;6;Darin Schmeler, Lavern Terry, Rev. Moshe Rogahn, Janay Champlin V, Abel Funk CPA, Mrs. Harvey Dicki;0;0;1;2025-01-29 11:15:45 UTC;https://nightly.decidim.org/assemblies/rung-academy/f/43/proposals/30;"";"";true;;https://nightly.decidim.org/assemblies/rung-academy/f/43/proposals/29;false;;2025-01-29 11:15:45 UTC;2025-01-29 11:15:45 UTC;false;1;;;;;Quia vero.;Aut maiores.;Repellendus temporibus.
31;25;Rod Bartell II;https://nightly.decidim.org/profiles/benjamin-ffce2635;"";3;https://nightly.decidim.org/assemblies/rung-academy;43;Natus beatae.;Velit fuga.;Eligendi sint.;Aliquid deserunt voluptatum.;Dolor nam soluta.;Qui rerum voluptatem.;648 White Light 80804 Satterfieldland;83.48010107485209;82.538418481642;"";;NIGHT-PROP-2025-01-31;"";"";"";;1;48;Carolann Koch, Angila Hills, Moon Farrell, Justine Bergstrom, Gisela Schmidt, Yulanda Kerluke, Rex Schuppe, Tiny Hegmann, Shavon Dooley, Kent O'Keefe, Elizabet Goyette Jr., Dr. Anabel Osinski, Fr. Terrance Ortiz, Jamey Renner, Lauretta White, Charlsie Swaniawski, Wayne Stark, Latoyia Luettgen, Loren Wehner CPA, Mariano Durgan, Lacy Gottlieb, Msgr. Cleo Stamm, Man Marks, Leilani Keebler, Ricardo Witting, Msgr. Voncile Gislason, Sen. Landon Medhurst, Frank Crona, Mr. Marvel Crooks, Edmundo Howe, Tai Farrell, Mrs. Ralph Hartmann, Joi Lehner, Miss Vergie Abbott, Mr. Gayla Walter, Sherice Runte, Weston Ferry, Estell Sipes, Eneida Towne III, Minh Heidenreich, Sen. Lorina Stracke, Freda Auer, Claire Rolfson, Msgr. Derek Barrows, Isaac Herzog, Shira DuBuque, Allene Weissnat, Rosalee Fadel;3;1;0;2025-01-29 11:15:45 UTC;https://nightly.decidim.org/assemblies/rung-academy/f/43/proposals/31;"";"";false;;;false;;2025-01-29 11:15:45 UTC;2025-01-29 11:15:46 UTC;false;1;;;;;;;
32;940;Peter Wiza;https://nightly.decidim.org/profiles/dorsey-e6e9d1c7;"";3;https://nightly.decidim.org/assemblies/rung-academy;43;;;;Dicta veniam consequatur. Adipisci ut ad. Quod perferendis amet.;Nihil laboriosam et. Ut aut ad. Aliquid maiores cupiditate.;"Deleniti ducimus tenetur. Dolore similique molestiae. Dolores
deserunt expedita.";;;;evaluating;;NIGHT-PROP-2025-01-32;"";"";"";2025-01-29 11:15:46 UTC;1;15;Johnson O'Reilly CPA, Sen. Edison Streich, Olinda White, Marshall Auer, Carita Herman, Isreal Kohler, Wyatt Bode, Sen. Serita Torp, Msgr. Clarice Zieme, Towanda Kunde, Msgr. Dewitt Mueller, Steve Koch JD, Dr. Nydia Leffler, Mrs. Blair Hoppe, Rev. Lavern Greenholt;0;0;1;2025-01-29 11:15:46 UTC;https://nightly.decidim.org/assemblies/rung-academy/f/43/proposals/32;"";"";true;;https://nightly.decidim.org/assemblies/rung-academy/f/43/proposals/31;false;;2025-01-29 11:15:46 UTC;2025-01-29 11:15:46 UTC;false;1;;;;;Natus beatae.;Velit fuga.;Eligendi sint.
33;968;Pres. Latosha Wehner;https://nightly.decidim.org/profiles/sterling_mcdermott-1;"";4;https://nightly.decidim.org/assemblies/cruelty-rung;52;Voluptas exercitationem.;Repudiandae odio.;Non et.;Assumenda ea provident.;Corrupti qui eaque.;Omnis minima vero.;301 Marcus Point 44851-8485 North Vernellmouth;1.6372324420386093;-116.72533830005159;accepted;2025-01-29 11:17:32 UTC;NIGHT-PROP-2025-01-33;Sit provident perspiciatis ad veniam debitis voluptas amet nihil tempore.;Qui qui dolorem quaerat porro amet est eos blanditiis aut.;"";2025-01-29 11:17:32 UTC;0;42;Whitney O'Reilly, Wilford Harber, Frank Crona, Daniel Muller, Gilberto Erdman, Mitch Mohr, Fr. Terrance Ortiz, Miss Jewell Nicolas, Mrs. Gia Collins, Jamey Renner, The Hon. Lyndon Sawayn, Miss Harvey Wisozk, Debbra Ritchie, Tamie Larkin, Shaunta Halvorson, Nicky Bergnaum, Lettie DuBuque DDS, Tracey Koepp, Eli Conn, Jerry Schiller, Christy Barrows, Mariano Durgan, Jamie Rice Sr., Esteban Feest, Gov. Daina Schulist, Alonzo Bosco II, Brendan Metz, Dorthea Prohaska DVM, Waylon Leffler, Mrs. Elena Lakin, Tai Farrell, Gil Murphy Esq., Adolph Crist, Vincent Reynolds DO, Prof. Yi Breitenberg, The Hon. Donella Johns, Miss Moriah Schroeder, Blaine Lakin, Antione O'Kon, Miss Kelvin Flatley, Mr. Briana Johns, Russell Muller;8;0;1;2025-01-29 11:17:32 UTC;https://nightly.decidim.org/assemblies/cruelty-rung/f/52/proposals/33;"";"";false;;;false;;2025-01-29 11:17:32 UTC;2025-01-29 11:17:35 UTC;false;1;;;;;;;
34;6;Hackett-Pouros;https://nightly.decidim.org/profiles/sydney;"";4;https://nightly.decidim.org/assemblies/cruelty-rung;52;Quo sed.;Harum eligendi.;Quia aut.;Tempore praesentium sequi.;Dignissimos repellendus dolor.;Minus ea laboriosam.;37165 Ken Mills 07799 Luisebury;64.79678445656992;40.05731783712102;rejected;2025-01-29 11:17:37 UTC;NIGHT-PROP-2025-01-34;"";"";"";2025-01-29 11:17:37 UTC;0;4;Kasey Rempel, Fr. Ira Berge, Nathalie Blanda, Ileana Gusikowski;3;0;0;2025-01-29 11:17:37 UTC;https://nightly.decidim.org/assemblies/cruelty-rung/f/52/proposals/34;"";"";false;;;false;;2025-01-29 11:17:37 UTC;2025-01-29 11:17:39 UTC;false;1;;;;;;;
35;9;Walter-Friesen;https://nightly.decidim.org/profiles/daron;"";4;https://nightly.decidim.org/assemblies/cruelty-rung;52;Inventore corrupti.;Vero iste.;Dolorem et.;Explicabo veniam voluptatem.;Rerum accusamus possimus.;Voluptatem reiciendis aut.;324 Jeffrey Loop 31478 East Katiastad;-86.31865290246272;132.1560253633363;"";;NIGHT-PROP-2025-01-35;"";"";"";;2;4;Pres. Neomi Collier, Mose Jaskolski, Abigail Oberbrunner, Prof. Shelly Kihn;7;0;0;2025-01-29 11:17:40 UTC;https://nightly.decidim.org/assemblies/cruelty-rung/f/52/proposals/35;"";"";false;;;false;;2025-01-29 11:17:40 UTC;2025-01-29 11:17:42 UTC;false;1;;;;;;;
36;474;Verdell Olson;https://nightly.decidim.org/profiles/donnell-2e749993;"";4;https://nightly.decidim.org/assemblies/cruelty-rung;52;Alias deleniti.;Quia et.;Quas ad.;Enim ab reprehenderit.;Suscipit asperiores consequuntur.;Aliquid non ratione.;54253 Kuhic Crossroad 71979-5059 Rohantown;13.910458194343263;-79.56467954544385;accepted;2025-01-29 11:17:44 UTC;NIGHT-PROP-2025-01-36;Possimus ut dolores molestias consequatur deserunt laudantium esse ut eos.;Quae quo et qui et consequatur iste et illum tenetur.;"";2025-01-29 11:17:44 UTC;0;41;Annabel Boyer, Sen. Barrie Parisian, Hugo Hermann DDS, Dovie Bergnaum, Garret McClure Sr., Frederick Kiehn, Malcolm Harvey, Akiko Frami, Steven Lueilwitz, Dinorah Altenwerth, Franchesca Abshire Sr., Charlsie Swaniawski, Prof. Stephaine Abshire, Mr. Gayla Walter, Miss Delmar Leannon, Amb. Tory Sauer, Johnson Koelpin, Cristopher Upton MD, Gov. Alan Quigley, Esta Bauch DDS, Carlos Hansen, Lavina Kohler, Malcom Abbott, Kati Spencer, Arthur Balistreri, Berneice Hilll, Arla Collier JD, Savannah Bergstrom, Merle Hettinger, Lucy Johnson, Larraine Renner, Josue Koss, Yuriko Mueller, Mohammad Kuhlman, Les Langworth, Benito Yost, Ignacio Heaney, Penny Walter, Jacques Champlin, Lettie DuBuque DDS, Rev. Moshe Rogahn;5;0;0;2025-01-29 11:17:44 UTC;https://nightly.decidim.org/assemblies/cruelty-rung/f/52/proposals/36;"";"";false;;;false;;2025-01-29 11:17:44 UTC;2025-01-29 11:17:44 UTC;false;1;;;;;;;
37;1;Nightly Decidim;https://nightly.decidim.org/;"";4;https://nightly.decidim.org/assemblies/cruelty-rung;52;Qui commodi.;Necessitatibus soluta.;Provident eveniet.;Consequatur illo dolor.;Occaecati harum voluptas.;Corporis ut eos.;138 Glover Plain 49493-6746 West Chantel;-8.319257608456326;-103.74340436516381;evaluating;2025-01-29 11:17:47 UTC;NIGHT-PROP-2025-01-37;"";"";"";2025-01-29 11:17:47 UTC;1;0;"";2;0;0;2025-01-29 11:17:47 UTC;https://nightly.decidim.org/assemblies/cruelty-rung/f/52/proposals/37;"";"";false;;;false;;2025-01-29 11:17:47 UTC;2025-01-29 11:17:47 UTC;false;1;;;;;;;
38;65;Ut est.;https://nightly.decidim.org/conferences/rung-smile/f/59/meetings/65;"";1;https://nightly.decidim.org/conferences/rung-smile;61;Architecto tempora.;Facere quas.;Dolorem est.;Dolor incidunt cum.;Autem eum expedita.;Ex voluptas dolore.;;;;"";;NIGHT-PROP-2025-01-38;Dignissimos et recusandae vero vel consectetur sed quia inventore quisquam.;Eaque fugiat facere quo sapiente natus quibusdam consequatur tempora sit.;"";2025-01-29 11:19:37 UTC;0;7;Huey Murazik, Gov. Wynell Gutmann, Angila Hills, Hilma Jacobson, Angelita Auer, Jacques Champlin, Linnie Upton;2;1;0;2025-01-29 11:19:37 UTC;https://nightly.decidim.org/conferences/rung-smile/f/61/proposals/38;"";"";false;;;false;;2025-01-29 11:19:37 UTC;2025-01-29 11:19:38 UTC;false;1;;;;;;;
39;1330;Catalina Rosenbaum;https://nightly.decidim.org/profiles/dotty_bogisich-37cfe;"";1;https://nightly.decidim.org/conferences/rung-smile;61;;;;"Quaerat voluptas tenetur. Qui laudantium molestiae. Dolore porro
nihil.";"Non sapiente quasi. Veritatis dolores distinctio. Omnis sapiente
nihil.";Sapiente maxime iste. Ut sequi eius. Nisi consequuntur et.;;;;evaluating;;NIGHT-PROP-2025-01-39;"";"";"";2025-01-29 11:19:38 UTC;1;15;Tamara Kulas, Emerita Dickinson Esq., Gwenn Champlin, Rev. Berry Mohr, Prof. Mari Marquardt, Keenan Murphy, Sen. Hubert Fahey, Alyce Dibbert, Erwin Collins, Leighann Bednar, Maryalice Kerluke DDS, Dr. Adan Heathcote, Anthony Erdman, Roxanna Brakus, Max Muller;0;0;1;2025-01-29 11:19:38 UTC;https://nightly.decidim.org/conferences/rung-smile/f/61/proposals/39;"";"";true;;https://nightly.decidim.org/conferences/rung-smile/f/61/proposals/38;false;;2025-01-29 11:19:38 UTC;2025-01-29 11:19:38 UTC;false;1;;;;;Architecto tempora.;Facere quas.;Dolorem est.
40;66;Et sed.;https://nightly.decidim.org/conferences/rung-smile/f/59/meetings/66;"";1;https://nightly.decidim.org/conferences/rung-smile;61;Nostrum quos.;Omnis aut.;Aliquid omnis.;Non tempora aut.;Asperiores velit ratione.;Maxime voluptatum aliquid.;;;;evaluating;2025-01-29 11:19:38 UTC;NIGHT-PROP-2025-01-40;"";"";"";2025-01-29 11:19:38 UTC;1;1;Randolph Kessler;1;1;0;2025-01-29 11:19:38 UTC;https://nightly.decidim.org/conferences/rung-smile/f/61/proposals/40;"";"";false;;;false;;2025-01-29 11:19:38 UTC;2025-01-29 11:19:39 UTC;false;1;;;;;;;
41;63;Assumenda eum.;https://nightly.decidim.org/conferences/rung-smile/f/59/meetings/63;"";1;https://nightly.decidim.org/conferences/rung-smile;61;Aut illum.;Velit eum.;Accusamus non.;Illo enim impedit.;Sunt dolorem ea.;Ut animi dicta.;;;;accepted;2025-01-29 11:19:41 UTC;NIGHT-PROP-2025-01-41;Quis omnis occaecati iusto eveniet molestiae quo ab sed odit.;Suscipit non alias exercitationem facere aperiam repellat sint sit illum.;"";2025-01-29 11:19:41 UTC;2;33;Efren Pfannerstill, Leota Morissette, Tiffanie Braun, Frank Crona, Lakia Kozey, Katerine Beatty, Annalee Kuhic, Carolyn Rowe, Hien Homenick, Sen. Lorina Stracke, Thea Robel, Trevor Abbott, Ariel Tremblay, Merlin Nader, Sen. Fletcher Brakus, Frankie Auer, Saul Haley, Rep. Gregg Schmeler, Felisa Baumbach, Joe Johnson, Jeffrey Pollich, Antonia Goyette, Tajuana Wintheiser, Deandre Hettinger, Claire Rolfson, Kelly McClure JD, Felton Considine, Geraldine Weissnat, Orville Bailey, Dorsey Powlowski PhD, Rae Olson, Gonzalo Bernier DC, Ursula Kohler;2;1;0;2025-01-29 11:19:41 UTC;https://nightly.decidim.org/conferences/rung-smile/f/61/proposals/41;"";"";false;;;false;;2025-01-29 11:19:41 UTC;2025-01-29 11:19:42 UTC;false;1;;;;;;;
42;65;Ut est.;https://nightly.decidim.org/conferences/rung-smile/f/59/meetings/65;"";1;https://nightly.decidim.org/conferences/rung-smile;61;Sequi recusandae.;Suscipit optio.;Sequi amet.;Rem expedita molestiae.;Nihil aliquid magnam.;Eum fugiat ullam.;;;;evaluating;2025-01-29 11:19:43 UTC;NIGHT-PROP-2025-01-42;"";"";"";2025-01-29 11:19:43 UTC;0;9;Ramon Cummings, Vito Strosin, Leilani Keebler, Arden Swaniawski, Retha Stark, Milford Rath, Kacey Marks, Miss Darell Rau, Jordon Glover;6;1;0;2025-01-29 11:19:43 UTC;https://nightly.decidim.org/conferences/rung-smile/f/61/proposals/42;"";"";false;;;false;;2025-01-29 11:19:43 UTC;2025-01-29 11:19:45 UTC;false;1;;;;;;;
43;1;Nightly Decidim;https://nightly.decidim.org/;"";1;https://nightly.decidim.org/conferences/rung-smile;61;Voluptatem repellendus.;Quasi ad.;Occaecati rem.;Velit non rerum.;Sit doloremque consequatur.;Eos tempora nobis.;;;;evaluating;2025-01-29 11:19:47 UTC;NIGHT-PROP-2025-01-43;"";"";"";2025-01-29 11:19:47 UTC;1;33;Kiera Frami, Mr. Felecia Grant, Sergio Strosin, James Heaney, Charlena Cronin, Sima Bailey, Tawny Ortiz MD, Kalyn Cummerata, Tasha Cassin, Jamison Upton, Stella Stoltenberg, Larraine Renner, Loyce Casper, Waylon Leffler, Rep. Norbert Kiehn, Mi Veum, Gisela Schmidt, Aura Carter, Lucien Fadel, Kemberly Cormier, Prof. Tomasa Crooks, Golden Maggio Jr., Alessandra Kirlin DVM, Mr. Julius Orn, Loris Adams, Birgit Schinner II, Cristi Swaniawski, Kristian Pfannerstill VM, Melynda Leannon, Mr. Marcelene Dickens, Carmen Little, Jenette Kirlin V, Maisha Kohler;5;1;0;2025-01-29 11:19:47 UTC;https://nightly.decidim.org/conferences/rung-smile/f/61/proposals/43;"";"";false;;;false;;2025-01-29 11:19:47 UTC;2025-01-29 11:19:49 UTC;false;1;;;;;;;
44;941;Peter Wiza;https://nightly.decidim.org/profiles/dorsey-e6e9d1c7;"";2;https://nightly.decidim.org/conferences/turkey-defend;70;Consequatur qui.;Quas earum.;Omnis enim.;Recusandae in enim.;Impedit dolores expedita.;Quis ipsam voluptatum.;;;;"";;NIGHT-PROP-2025-01-44;Enim cumque qui labore tempora voluptatum doloremque cupiditate autem repellat.;Voluptatem dicta quidem est voluptatem inventore voluptatem iusto maxime suscipit.;"";2025-01-29 11:21:33 UTC;0;34;Msgr. Carlotta Runolfsdottir, Toshia Beier DDS, Zachary Cronin DDS, Annalee Kuhic, Amb. Inge Runolfsdottir, Morgan Collier Sr., James Heaney, Joye Hettinger, Minh Heidenreich, Tommie O'Keefe, Orville Bailey, Hyman Will MD, Chi Koepp, Adriane Waelchi, Shana Daugherty, Msgr. Kelley Upton, Christian Kovacek, Joshua Nolan, Gaylene Hagenes, Odis Carroll, Israel King, Russell Muller, Sima Bailey, Wiley Kihn, Fr. Alfonso Friesen, Moses Cummings, Elmer Johns, Tona Rice, Dovie Stark, Donnette Veum Sr., Abel Funk CPA, Magaret Jast CPA, Marica McDermott, Herma Tremblay;10;1;0;2025-01-29 11:21:33 UTC;https://nightly.decidim.org/conferences/turkey-defend/f/70/proposals/44;"";"";false;;;false;;2025-01-29 11:21:33 UTC;2025-01-29 11:21:37 UTC;false;1;;;;;;;
45;885;Esta Bauch DDS;https://nightly.decidim.org/profiles/francisco-2247;"";2;https://nightly.decidim.org/conferences/turkey-defend;70;Quia voluptatibus.;Ut nam.;Officia sint.;Sed tempora modi.;Earum voluptatem sed.;Ea voluptatem nam.;;;;rejected;2025-01-29 11:21:39 UTC;NIGHT-PROP-2025-01-45;"";"";"";2025-01-29 11:21:39 UTC;0;49;Humberto Reinger, Erline Weissnat, Msgr. Lin Howell, Jarvis Blanda, Natacha Turner, Owen Lebsack, Loren Rolfson I, Phung Aufderhar, Cathey Kerluke, Gov. Matilde McKenzie, Nikia Bradtke, James Heaney, Launa Kozey, Shante Senger, Verline Torp, Darryl Schamberger, Rep. Winter Beer, Elfrieda Jones Ret., Sharika Adams, Fr. Robbie Donnelly, Milo Lueilwitz, Morris Ebert, Sen. Edison Streich, Nita Gleason, Stuart Jakubowski V, Sen. Bess Hayes, Theron Schulist, Shakia Marquardt, Kory King, Lacy Gottlieb, Kim Emmerich, Jasmine Yost, Renita Buckridge, Courtney Powlowski DO, Blaine Marquardt, Jada Ortiz, Mrs. Art Bogan, Carmelo Ratke, Ned Weissnat, Franklin Lueilwitz, Florencio Hackett Jr., Norman Rogahn IV, Dorsey Powlowski PhD, Vada Okuneva, Stella Stoltenberg, Doreatha MacGyver Sr., Shirleen Heller PhD, Patti Erdman, Randolph Kessler;2;1;1;2025-01-29 11:21:39 UTC;https://nightly.decidim.org/conferences/turkey-defend/f/70/proposals/45;"";"";false;;;false;;2025-01-29 11:21:39 UTC;2025-01-29 11:21:39 UTC;false;1;;;;;;;
46;1;Nightly Decidim;https://nightly.decidim.org/;"";2;https://nightly.decidim.org/conferences/turkey-defend;70;Accusamus expedita.;Quo dolores.;Nulla unde.;Nemo veritatis et.;Nulla iusto optio.;Sapiente impedit sint.;;;;"";;NIGHT-PROP-2025-01-46;"";"";"";;2;28;Olin Herzog, Vada Okuneva, Scott Ebert, Alexander Gleason MD, Indira Beer, Ursula Kohler, Ms. Patrick Waters, Alesia Nienow, Rae Olson, Greg Lockman, Rudolf Ankunding, Max Muller, Harland O'Hara, Norberto Pfannerstill Sr., Mrs. Gia Collins, Buddy Moore, Michael Stoltenberg, Amina Stehr, Brent Cronin, Nelly Jacobs JD, Teddy Feil DVM, Jeffery Feeney, Kent O'Keefe, Rosetta Hettinger Sr., Emerita Dickinson Esq., Buck Leffler, Chong Erdman, Thad Weissnat;5;1;0;2025-01-29 11:21:43 UTC;https://nightly.decidim.org/conferences/turkey-defend/f/70/proposals/46;"";"";false;;;false;;2025-01-29 11:21:43 UTC;2025-01-29 11:21:44 UTC;false;1;;;;;;;
47;714;Shane Torphy;https://nightly.decidim.org/profiles/geraldo-4621;"";2;https://nightly.decidim.org/conferences/turkey-defend;70;Ex aut.;Odio quo.;Consectetur sapiente.;Sit voluptates a.;Quia quasi error.;Placeat esse voluptatum.;;;;"";;NIGHT-PROP-2025-01-47;Et similique molestiae id ducimus distinctio nulla temporibus quam aut.;Rerum inventore laboriosam nobis ut officiis velit et qui aut.;"";2025-01-29 11:21:48 UTC;0;36;Rev. Takisha Miller, Zachery Walsh DO, Msgr. Kassie Rowe, The Hon. Jamel Heaney, Neville Sawayn, Amb. Olin Graham, Alvin Kozey, Armando Kunze, Max Muller, Dyan O'Keefe, Chas Steuber DVM, Whitney O'Reilly, Dr. Tiara Wunsch, Terrence Dibbert CPA, Joye Hettinger, Vern Anderson, Williams Langworth, Pres. Josef Spinka, Jeromy Glover, Bernadette Gleichner LLD, Jami Greenfelder, Miss Kathern Frami, Paulette Turner, Scott Ebert, Joelle Reichert, Richard Leffler, Amb. Brande Davis, Freda Auer, Lidia Senger, Louis Feeney DC, Harland O'Hara, Eartha Flatley, Annabel Boyer, Danica O'Kon, Almeta Moore DO, Dr. Saundra Dooley;0;1;1;2025-01-29 11:21:48 UTC;https://nightly.decidim.org/conferences/turkey-defend/f/70/proposals/47;"";"";false;;;false;;2025-01-29 11:21:48 UTC;2025-01-29 11:21:48 UTC;false;1;;;;;;;
48;1;Nightly Decidim;https://nightly.decidim.org/;"";2;https://nightly.decidim.org/conferences/turkey-defend;70;Animi accusantium.;Ea amet.;Porro quo.;Quibusdam facilis quo.;Vel sapiente et.;Et provident placeat.;;;;evaluating;2025-01-29 11:21:50 UTC;NIGHT-PROP-2025-01-48;"";"";"";2025-01-29 11:21:50 UTC;1;21;Christinia Batz, Dorthea Beier, Trenton VonRueden, Esther Corkery, Rina Schmitt, Jamey Boyle, Damion Powlowski, Randolph Farrell, Emmett Hahn, Dillon Franecki JD, Lesley Turner, Mr. Lionel Kshlerin, Rep. Allena Swaniawski, Amb. Ambrose Nader, Edmund Lebsack, Danika Paucek, Hyman Will MD, Irina Brown, Ashely Padberg, Rafaela Murphy, Suzan Rippin CPA;5;1;0;2025-01-29 11:21:50 UTC;https://nightly.decidim.org/conferences/turkey-defend/f/70/proposals/48;"";"";false;;;false;;2025-01-29 11:21:50 UTC;2025-01-29 11:21:52 UTC;false;1;;;;;;;
