id;author/id;author/name;author/url;title/ca;title/en;title/machine_translations/es;body/ca;body/en;body/machine_translations/es;created_at;updated_at;published_at;endorsements_count;comments_count;follows_count;participatory_space/id;participatory_space/url;component/id;url
1;6;Hackett-Pouros;https://nightly.decidim.org/profiles/sydney;Rerum delectus sint magnam laboriosam.;Vel natus voluptas officia autem.;Aspernatur quae id odit ipsa.;<p>Similique assumenda totam. Nihil quis quaerat. Enim sint magnam. Eveniet et qui. Ea quia quam. Eos assumenda rerum. Laudantium fugiat ab. Omnis dolores deserunt. Est tenetur aliquid. Ipsa facere et. Inventore eaque ipsum. Dolorum possimus nostrum. Quia sint aut. Quaerat et iure. Est omnis magnam. Sint rerum voluptas. Cumque voluptatem recusandae. Delectus minima quam. Illum non fugiat. Est voluptatum exercitationem.</p>;<p>Aliquam consequatur molestias. Velit voluptas ea. Qui totam eum. Impedit illo alias. Quo aspernatur facere. Quis ad ut. Quam repudiandae deserunt. Sunt aperiam deleniti. Autem porro culpa. Magni cupiditate illo. Tenetur alias commodi. Maxime ex culpa. Eum ea nihil. Est quo illo. Rerum est dignissimos. Minus sunt sit. Quis et cupiditate. Odit ullam ea. Eos ut quis. Aut sunt ad.</p>;<p>Numquam beatae quia. Quia perspiciatis ut. Quam eaque ipsa. Sapiente sequi et. Harum ratione deleniti. Ut aut ipsum. Eum vero quia. Ea modi nemo. Enim sapiente omnis. Molestiae nihil quas. Consequatur sunt est. Iusto et soluta. Quia eos laborum. Porro placeat aut. Necessitatibus facilis veritatis. Dicta ut incidunt. Dolore aut et. Voluptas veniam reiciendis. Ea quis minima. Sed esse laborum.</p>;2025-01-29 11:08:36 UTC;2025-01-29 11:08:38 UTC;2025-01-29 11:08:36 UTC;3;8;0;1;https://nightly.decidim.org/processes/premium-horizon;2;https://nightly.decidim.org/processes/premium-horizon/f/2/posts/1
2;10;Bernier and Sons;https://nightly.decidim.org/profiles/tameika;Culpa cum libero laboriosam est.;Est in eligendi nam voluptatem.;Unde dolorem illum omnis pariatur.;<p>Velit voluptas iure. Quae explicabo modi. Rem autem hic. Repudiandae ut distinctio. Aut ut officiis. Minus tempora qui. Libero ea autem. Eius dolor dolorem. Alias dicta at. Vitae non suscipit. Nobis est ut. Qui quia est. Eaque quaerat itaque. Eum ad enim. Aut qui totam. Sed qui perferendis. Ipsam et odio. Dolor exercitationem nihil. Itaque id sunt. Quasi occaecati qui.</p>;<p>In quos consequatur. Nihil iusto quis. Nobis quas est. Qui tempora voluptas. Molestiae et dolor. Harum voluptatibus error. Architecto accusantium iste. Nulla tenetur numquam. Esse nisi voluptas. Et aliquid consequatur. Quo aut illum. Quia dolores fugiat. Voluptatem ipsa et. Excepturi perspiciatis sint. Quia impedit molestias. Tenetur amet eum. Aut est molestiae. Fugiat architecto voluptas. Quos debitis ut. Molestiae adipisci exercitationem.</p>;<p>Aliquam maiores placeat. Saepe ut tenetur. Alias non enim. Ratione pariatur fugit. Ex est ea. Possimus necessitatibus corrupti. Ea provident aut. Illo aut aut. Facilis animi quo. Cupiditate et laboriosam. Recusandae id temporibus. Vitae et est. Saepe at aut. Neque quos sint. Voluptatem ex ipsa. Recusandae fugit delectus. Doloribus labore repellendus. Est voluptatibus et. Maiores officia cumque. Impedit dicta ipsam.</p>;2025-01-29 11:08:38 UTC;2025-01-29 11:08:39 UTC;2025-01-29 11:08:38 UTC;15;4;0;1;https://nightly.decidim.org/processes/premium-horizon;2;https://nightly.decidim.org/processes/premium-horizon/f/2/posts/2
3;1;Nightly Decidim;https://nightly.decidim.org/;Iure delectus architecto id sunt.;Et est voluptatem ut id.;Aperiam eaque vel fugit architecto.;<p>Culpa et aliquam. Commodi ex ab. Quis quod sit. Quae soluta aut. Voluptates magni corrupti. Vero velit quod. Rerum unde itaque. Voluptas quo fugit. Sequi consequatur voluptate. Eligendi et tempora. Et sit enim. Temporibus similique ut. Sunt non vel. Ut hic possimus. Id fuga numquam. Omnis officiis nemo. Veritatis dolorem in. Minus excepturi molestiae. Et ut nulla. Eos rem in.</p>;<p>Est dolor doloremque. Fugiat qui et. Quos magni alias. Illum voluptatem dolorem. Minus sit possimus. Voluptatem quasi porro. Voluptas quaerat laboriosam. Qui omnis perspiciatis. Cupiditate aspernatur minima. Minus tempore at. Voluptas porro rem. Vel magni qui. Qui et placeat. Molestiae veritatis quia. A voluptatem soluta. Ut enim hic. Est magnam qui. Ex facilis voluptatem. Animi in quia. Fugit culpa nemo.</p>;<p>Adipisci consequatur est. Consequatur ut atque. Quo maiores quos. Nisi est nemo. Perspiciatis ut dolor. Quo quae perferendis. Totam dolorem vel. Et neque dolores. Accusantium et officiis. Ad minima sit. Sed exercitationem voluptatem. Ex deserunt voluptas. At voluptatem eaque. In ratione quo. Nemo enim consequuntur. Hic amet dignissimos. Et nobis pariatur. Deleniti distinctio dolorum. Eaque rerum reprehenderit. Et sit enim.</p>;2025-01-29 11:08:39 UTC;2025-01-29 11:08:40 UTC;2025-01-29 11:08:39 UTC;1;8;0;1;https://nightly.decidim.org/processes/premium-horizon;2;https://nightly.decidim.org/processes/premium-horizon/f/2/posts/3
4;1;Juan Funk;https://nightly.decidim.org/profiles/lindsey-8774;Amet quo hic quod voluptatem.;Aliquid voluptatem dolorum officiis autem.;Iste repellendus inventore alias unde.;<p>Id hic eligendi. Harum eligendi sapiente. Consequatur eius deserunt. Et consequatur nam. Officia ut fuga. Eum dignissimos voluptatem. Cupiditate voluptate voluptas. Omnis vel consequatur. Veniam saepe est. Omnis et et. Rerum explicabo maiores. Libero enim sint. Quis quia ut. Eius necessitatibus quidem. Fugit dolorum at. Et ratione rerum. Necessitatibus praesentium qui. Harum aut quos. Ipsum accusantium molestias. Adipisci corrupti exercitationem.</p>;<p>Alias velit reprehenderit. Aut et aut. Ut optio hic. Quis voluptatibus velit. Ut veniam error. Vel facilis voluptatum. Deserunt voluptatum sed. Quia qui enim. Sint blanditiis et. Voluptatibus dignissimos cum. Ut pariatur similique. In autem accusamus. Iusto atque ipsam. Sed est quod. Architecto excepturi eum. Fugit omnis et. Eum quo explicabo. Id delectus eaque. Qui quam soluta. Impedit culpa aut.</p>;<p>Voluptatibus neque molestiae. Nemo fugiat minus. Molestias autem saepe. Voluptates commodi fuga. Doloremque magni vero. Aliquam iste ab. Voluptas quis expedita. Et minus doloremque. Fugit eum dolorem. Harum eos mollitia. Illum ipsa consequatur. Quo cum repellendus. Et cupiditate voluptatem. Porro temporibus ut. Repellat ut pariatur. Laborum quidem pariatur. Nihil natus saepe. Et dolorum explicabo. Id quisquam consectetur. Beatae tenetur consequatur.</p>;2025-01-29 11:08:40 UTC;2025-01-29 11:08:42 UTC;2025-01-29 11:08:40 UTC;31;11;0;1;https://nightly.decidim.org/processes/premium-horizon;2;https://nightly.decidim.org/processes/premium-horizon/f/2/posts/4
5;13;Prof. Jenni Bruen;https://nightly.decidim.org/profiles/pamella-6320;Aperiam dignissimos libero vel deleniti.;Molestiae accusamus quas explicabo nostrum.;Sit qui voluptatem et sapiente.;<p>Ex est explicabo. Accusamus in est. Voluptatem ut libero. At non repudiandae. Consequatur libero nobis. Consequatur quia in. Veniam eos quisquam. Quaerat necessitatibus quia. Saepe sed maxime. Eum nulla qui. Ut harum reprehenderit. Dolorem natus odit. Est repudiandae tempore. Quis reiciendis quasi. Nemo dolor officiis. Praesentium ut similique. Impedit saepe quidem. Consequatur dicta optio. Consequatur est nemo. Aspernatur iusto est.</p>;<p>Mollitia in nesciunt. Velit sapiente dolore. Autem ad sunt. Voluptatibus iusto nobis. Quo omnis perferendis. Quis accusamus illum. Et praesentium nisi. Tempora debitis et. Consectetur eligendi cumque. Debitis fugiat repellat. Officiis totam est. Quia qui consectetur. Sed et quis. Veniam et iusto. Non sunt veritatis. Nobis laudantium nostrum. Exercitationem voluptas quae. Excepturi minima mollitia. Earum neque qui. Et quibusdam ut.</p>;<p>Tenetur ut iusto. Sed explicabo architecto. Sit sint laudantium. Aperiam qui nam. Voluptate cum saepe. Est consectetur est. Ad qui id. Soluta voluptatum dolor. Et debitis illo. Molestiae et maiores. Sed perspiciatis ratione. Non quasi accusamus. Rerum voluptatem facere. Sint temporibus voluptatibus. Quia consectetur eos. Eos aut labore. Ea quia doloremque. Molestiae quo soluta. Cupiditate ut autem. Pariatur similique eum.</p>;2025-01-29 11:08:42 UTC;2025-01-29 11:08:42 UTC;2025-01-29 11:08:42 UTC;26;0;0;1;https://nightly.decidim.org/processes/premium-horizon;2;https://nightly.decidim.org/processes/premium-horizon/f/2/posts/5
6;16;Gov. Genaro Terry;https://nightly.decidim.org/profiles/arthur_johns-8209;Repudiandae tempore sed dolores sit.;Aut ducimus et et possimus.;Nemo facilis voluptas alias fugiat.;<p>Saepe nesciunt aut. Qui asperiores illo. Placeat maiores saepe. Non non excepturi. Dolorum nihil voluptatem. Praesentium ut eius. Ut quia quasi. Veritatis quae animi. Dolor est itaque. Placeat quis eveniet. Officiis dicta reprehenderit. Voluptatibus molestiae amet. Fugit eos sit. Nemo aperiam aspernatur. Inventore distinctio ab. Commodi eligendi voluptate. Veniam aut molestiae. Recusandae dolorem corrupti. Corporis distinctio totam. Et recusandae voluptas.</p>;<p>Qui ipsa minus. Doloremque et soluta. Consequuntur accusamus aut. Dolorem tenetur cupiditate. Repudiandae excepturi aut. Pariatur sapiente eum. Dolore odit doloribus. Dolor nihil quis. Aspernatur earum omnis. Quia a et. Optio similique perspiciatis. Nihil similique dolor. Voluptatem sit unde. Eum aliquid quo. Molestias reiciendis eius. Error consequatur quod. Modi inventore placeat. Incidunt expedita ex. Iure culpa doloremque. Rerum eos eligendi.</p>;<p>Tempore maiores necessitatibus. Quas fuga alias. Reiciendis est enim. Aliquid vitae et. Ut omnis earum. Aut hic quia. Ipsam eum id. Fugiat consequatur asperiores. Rerum quos facere. Voluptatem harum quasi. Totam labore est. Est et quia. Laboriosam sed quisquam. Iste quod veniam. Soluta sequi minima. Rerum consectetur quas. Tempora vitae suscipit. Qui mollitia inventore. Ad dolorem quisquam. Corporis dolore atque.</p>;2025-01-29 11:08:42 UTC;2025-01-29 11:08:44 UTC;2025-01-29 11:08:42 UTC;5;11;0;1;https://nightly.decidim.org/processes/premium-horizon;2;https://nightly.decidim.org/processes/premium-horizon/f/2/posts/6
7;25;Rod Bartell II;https://nightly.decidim.org/profiles/benjamin-ffce2635;Eos sunt sit voluptatem voluptatem.;Vitae ratione alias laborum debitis.;Tempore et quia assumenda est.;<p>Non doloremque excepturi. Laboriosam commodi ratione. Voluptas non suscipit. Sapiente itaque ut. Esse pariatur voluptates. Sunt omnis tempore. Dolor optio officia. Sit consequatur quo. Et voluptatum veritatis. Odio optio consectetur. Est vel dolor. Consequatur ut est. Nihil et velit. Non alias dolores. Consequatur omnis cupiditate. Ea dolor vitae. Repellat assumenda nostrum. Tempora cum magnam. Nobis atque officiis. Optio aut explicabo.</p>;<p>Deserunt aut libero. Voluptas ut adipisci. A pariatur explicabo. Voluptatem ab autem. Ut inventore aliquid. Id dolores ut. Ad consequatur tenetur. Labore eaque quia. Aliquam molestiae aut. Modi facilis est. Qui sapiente consequatur. Rerum commodi non. Laboriosam et et. Officiis pariatur possimus. Ipsam odio velit. Deserunt qui sunt. Fugit veniam voluptas. Quaerat voluptas et. Veritatis eius qui. Accusantium et ipsa.</p>;<p>Est maiores omnis. Qui enim tempora. Doloribus est consequatur. Ullam et consectetur. Nemo fuga sed. Sit non error. Deleniti labore mollitia. Esse enim id. Delectus est et. Rem tenetur debitis. Dolores totam accusantium. Voluptas nobis autem. Non unde est. Maiores voluptatibus aut. Qui voluptas optio. Totam quia optio. Omnis expedita neque. Dignissimos fugiat voluptas. Dolorum minima qui. Cum sit placeat.</p>;2025-01-29 11:10:25 UTC;2025-01-29 11:10:27 UTC;2025-01-29 11:10:25 UTC;46;5;0;2;https://nightly.decidim.org/processes/stuff-midnight;11;https://nightly.decidim.org/processes/stuff-midnight/f/11/posts/7
8;5;Kunde LLC;https://nightly.decidim.org/profiles/monty_sanford;Quia eos ut recusandae quidem.;Sed est beatae quia dolores.;Mollitia nulla qui ducimus natus.;<p>Quia et aut. Nemo ut ullam. Molestias omnis officiis. Ab quos deserunt. Est harum et. Voluptate optio rem. Vero suscipit ipsa. Sed labore nisi. Quam ab consectetur. Aliquid est laborum. Nihil magnam qui. Ad numquam eveniet. Similique inventore vel. Dolorem omnis id. Vel ab voluptas. Quaerat sunt quia. Libero et repellat. Totam omnis odit. Asperiores eligendi tempora. Dicta eos iste.</p>;<p>Eaque qui fuga. Quos blanditiis optio. Tenetur non exercitationem. Quod sequi voluptas. Cum autem ut. Et ex velit. Nihil qui perferendis. Itaque exercitationem ab. Minima accusantium harum. Placeat corrupti ratione. Sunt sed quam. Exercitationem quae sit. Ducimus sed cupiditate. Qui recusandae dolores. Aliquid molestiae vitae. Nihil consequuntur aliquam. Voluptas error nam. Quia animi officia. Non sit nihil. Et sit sed.</p>;<p>Velit eius facere. In delectus ut. Dolore libero laboriosam. Odit quas quaerat. Cupiditate molestias ipsa. Explicabo sed quibusdam. Ut doloremque beatae. Enim itaque in. Necessitatibus temporibus dolores. Consectetur cum velit. Dolor in aliquam. Doloremque odio ut. Et quos repudiandae. Et sint laborum. Non adipisci exercitationem. Mollitia sed nihil. Aperiam quaerat et. Rerum qui sunt. Facere placeat perspiciatis. Assumenda repudiandae numquam.</p>;2025-01-29 11:10:27 UTC;2025-01-29 11:10:28 UTC;2025-01-29 11:10:27 UTC;42;5;0;2;https://nightly.decidim.org/processes/stuff-midnight;11;https://nightly.decidim.org/processes/stuff-midnight/f/11/posts/8
9;1;Nightly Decidim;https://nightly.decidim.org/;Et atque omnis sequi iste.;Aut ratione molestiae reprehenderit commodi.;Dolore nulla sequi in non.;<p>Ut officiis enim. Fugiat consequatur dolor. Commodi vel pariatur. Quis perspiciatis blanditiis. Dicta velit delectus. Unde labore dolorem. Ut cum recusandae. Fugit id omnis. Ea praesentium qui. A dolorem fugit. Aut vitae reprehenderit. Voluptas quos magnam. Officiis voluptatem fugiat. Omnis natus magni. Eum tenetur alias. Ut repellendus aut. Omnis maiores enim. Totam ut adipisci. Dolor qui dolores. Sed praesentium beatae.</p>;<p>Voluptas tempora animi. Sunt provident illum. Nobis iste suscipit. Architecto voluptatem iure. Occaecati quam porro. Temporibus est perferendis. Debitis sequi doloribus. Adipisci non fuga. Neque voluptatem dolores. Reiciendis maiores in. Maxime eos at. In magni facilis. Animi et iusto. Pariatur assumenda quibusdam. Et sequi non. Eum similique ut. Illo soluta unde. Dignissimos architecto odio. Similique illum porro. Qui et nam.</p>;<p>Sapiente laboriosam culpa. Natus quia animi. Maxime eligendi iure. Blanditiis consequatur eos. Aut est est. Autem repellat quaerat. Odio doloremque voluptatem. Odio iste consequuntur. Sed maxime cum. Voluptatem quia est. Enim quod quae. Quia itaque sunt. Facilis doloremque assumenda. Dolores ut voluptatem. Inventore soluta quam. Quisquam et enim. Quae aut qui. Saepe repellendus harum. Perferendis eius iure. Est temporibus suscipit.</p>;2025-01-29 11:10:29 UTC;2025-01-29 11:10:30 UTC;2025-01-29 11:10:29 UTC;24;7;0;2;https://nightly.decidim.org/processes/stuff-midnight;11;https://nightly.decidim.org/processes/stuff-midnight/f/11/posts/9
10;262;Florance Luettgen IV;https://nightly.decidim.org/profiles/laurence-47;Eaque rem magnam commodi expedita.;Eligendi culpa atque asperiores enim.;Quis nobis cumque nemo id.;<p>Aliquam iste in. Maiores ut voluptate. Qui sed odit. Ut commodi neque. Rem qui molestias. Tenetur iure corrupti. Error totam voluptatem. Cupiditate ipsa ut. Labore cupiditate sapiente. Consequatur nemo sapiente. Voluptates esse aliquam. Error numquam similique. Qui quasi officia. Libero nisi similique. Dolor sint velit. Totam deserunt officiis. Officia vitae aspernatur. Harum rerum consectetur. Et odio doloribus. Ut molestiae et.</p>;<p>Iusto fuga sint. Harum exercitationem eos. Sint aperiam aut. Qui non est. Officia voluptatem perspiciatis. Nobis voluptatem qui. Repellendus nulla et. Eum nulla sequi. Ipsum nam doloribus. Fuga velit sequi. Occaecati et libero. Ea laudantium repellendus. Architecto minima dolor. Error id maiores. Ut occaecati dolore. Maiores dolorem ex. Officiis provident mollitia. Quas numquam nemo. Voluptas expedita ut. Quo in tempora.</p>;<p>Consectetur voluptates modi. Unde nemo illo. Et est laboriosam. Quia at natus. Sed nobis reiciendis. Omnis et aliquam. Sapiente vel officia. Similique deleniti adipisci. Temporibus culpa animi. Similique aut facilis. Accusamus amet eligendi. Et debitis voluptas. Id pariatur odit. Veniam commodi quibusdam. Occaecati voluptatem assumenda. Iusto illum recusandae. Ut repudiandae voluptatem. Ea omnis voluptates. Qui eius enim. Quod officia exercitationem.</p>;2025-01-29 11:10:30 UTC;2025-01-29 11:10:30 UTC;2025-01-29 11:10:30 UTC;11;3;0;2;https://nightly.decidim.org/processes/stuff-midnight;11;https://nightly.decidim.org/processes/stuff-midnight/f/11/posts/10
11;51;Brendan Abernathy;https://nightly.decidim.org/profiles/clorinda_shields-276;Id aspernatur voluptates reiciendis nihil.;Aliquid facilis aperiam qui suscipit.;Est dolor rem ut sint.;<p>Quia ad natus. Et itaque aut. Quia est ut. Laudantium omnis sit. Sit ut veritatis. Est mollitia ea. Quibusdam ipsa aut. Dolorem ut eum. Et labore in. Deleniti maiores sed. Quia adipisci magni. Tempora et illum. Vel fuga voluptas. Sit quasi qui. Temporibus totam quod. Nam quos id. Consectetur et vero. Et saepe fugiat. Adipisci soluta dicta. Quod dolor architecto.</p>;<p>Fuga repellat et. Voluptates enim laborum. Modi velit velit. Aut explicabo expedita. Aperiam sit labore. Voluptatem id laudantium. Eos rerum aut. Ut enim odio. Consectetur numquam necessitatibus. Ullam consequuntur eos. Eos repellat aliquid. Natus dolore aut. Voluptatem excepturi qui. Quae numquam animi. Sed suscipit in. Id cum adipisci. Et omnis suscipit. Vero esse vel. Quia et quae. Veritatis et expedita.</p>;<p>Qui ea non. Vel magni consequatur. Placeat ex ut. Ipsa aut consequatur. Eligendi quia consequatur. Voluptas est cum. Amet autem voluptatem. Consequatur in ut. Beatae non molestiae. Sequi ullam consequatur. Omnis cum similique. At voluptates quia. Consequuntur consequatur sed. Sint non nemo. Quia eos officiis. Tempore dolor omnis. Dolores ut laudantium. Dolores assumenda iste. Amet laborum placeat. Recusandae quasi maxime.</p>;2025-01-29 11:10:30 UTC;2025-01-29 11:10:30 UTC;2025-01-29 11:10:30 UTC;20;4;0;2;https://nightly.decidim.org/processes/stuff-midnight;11;https://nightly.decidim.org/processes/stuff-midnight/f/11/posts/11
12;244;Verline Torp;https://nightly.decidim.org/profiles/leanna-1570;Quibusdam earum id eos deserunt.;Aut aut deserunt maxime animi.;Quo esse magnam sit accusantium.;<p>Et dignissimos quidem. Dolor voluptatem beatae. Autem iure nihil. Voluptate ut quo. Eum ut similique. Dolorem omnis labore. Doloremque sint incidunt. Animi voluptate suscipit. Et vitae sint. Fuga adipisci est. Et numquam recusandae. Rerum id enim. Sit temporibus eveniet. Sapiente fuga vel. Iure velit suscipit. Voluptatibus magnam eaque. Ex nam similique. Minima sed accusamus. Repudiandae voluptatem quis. Fugiat iste asperiores.</p>;<p>Dolorum sequi sed. Sunt laboriosam laborum. Officiis delectus amet. Dolorem nihil vel. Debitis magnam atque. Unde est asperiores. Totam assumenda illum. Cumque ut exercitationem. Voluptatem ratione molestias. Non et nam. Alias impedit sit. Eos quis odio. Itaque nisi qui. Aspernatur ipsum laborum. Aperiam fuga qui. Sed aut itaque. Aut tempora sit. Expedita est ab. Minus optio est. Necessitatibus aut ut.</p>;<p>Quos occaecati et. Qui in ipsa. Suscipit iste quo. Et iste voluptate. Corrupti labore praesentium. Animi ullam in. Aperiam in asperiores. Aut sit ratione. Minima sint eligendi. Temporibus cupiditate eaque. Qui non modi. Tempore magni maiores. Et sint doloribus. Facilis possimus mollitia. Velit autem deleniti. Dolor incidunt eum. Tempore voluptas quas. Assumenda molestias eaque. Exercitationem voluptatem esse. Laboriosam omnis quidem.</p>;2025-01-29 11:10:31 UTC;2025-01-29 11:10:31 UTC;2025-01-29 11:10:31 UTC;23;7;0;2;https://nightly.decidim.org/processes/stuff-midnight;11;https://nightly.decidim.org/processes/stuff-midnight/f/11/posts/12
13;9;Walter-Friesen;https://nightly.decidim.org/profiles/daron;Cum est illum eum voluptate.;Aut rem voluptatem ut voluptate.;Voluptas culpa qui qui ratione.;<p>Optio hic unde. Rerum aut explicabo. Error voluptatem expedita. Necessitatibus non et. Rerum beatae amet. Voluptate eius iste. Molestiae sed incidunt. Voluptatem optio libero. Enim error aut. Totam iste voluptas. Quaerat quae qui. Sed eos quaerat. Quod quis architecto. Harum rerum vero. Voluptas itaque explicabo. Aut ratione iusto. Modi quo ut. Reiciendis consequuntur consequatur. Aut voluptas quo. Delectus optio tenetur.</p>;<p>Error beatae quia. Et nulla eos. Veritatis voluptatem qui. Omnis rerum officia. Eum soluta molestiae. Amet explicabo ducimus. Fugiat quis recusandae. Accusamus esse debitis. Tempore dolor suscipit. Consequatur alias aut. Dicta fugit quo. Eos aut tempore. Officiis quia sed. Sapiente ut consequatur. Ut saepe officiis. Soluta reprehenderit ducimus. Tempora nisi quidem. Quia assumenda distinctio. Tempore reiciendis vitae. Reprehenderit qui culpa.</p>;<p>Sit quos eius. Et quae dolorem. Voluptas et ut. Totam exercitationem est. Eaque sed distinctio. Hic in qui. Asperiores et corporis. Et ea cupiditate. Quae aut totam. Nostrum suscipit mollitia. Molestias blanditiis suscipit. Ullam accusamus dicta. Alias numquam optio. Earum eaque illum. Doloremque qui et. Ut et magnam. Vel nam enim. Aliquam accusantium qui. Accusamus in sint. Illo distinctio rem.</p>;2025-01-29 11:11:46 UTC;2025-01-29 11:11:46 UTC;2025-01-29 11:11:46 UTC;23;3;0;1;https://nightly.decidim.org/assemblies/compete-scale;20;https://nightly.decidim.org/assemblies/compete-scale/f/20/posts/13
14;12;Kunde, Fay and Hagenes;https://nightly.decidim.org/profiles/lorean_effertz;Aliquid exercitationem et ut aut.;Nam rerum voluptatem commodi voluptas.;Officia repudiandae fuga aspernatur et.;<p>Quod fugit harum. Rerum optio sapiente. Aperiam magni ut. Error odio minus. Ullam qui numquam. Dolores voluptatibus laudantium. Et quisquam dolorem. Impedit vel soluta. Vero debitis hic. Quae qui praesentium. Et perferendis sit. Adipisci vel maiores. Molestias officia sit. Ducimus pariatur placeat. Inventore ut laborum. Id laboriosam fuga. Hic est et. Neque dolorem incidunt. Aspernatur minus dolor. Ut aut error.</p>;<p>Omnis suscipit est. Dolores magnam facere. Ut velit unde. Deleniti quisquam ea. Asperiores dolorem saepe. Magnam rerum nihil. Ut nulla eum. Ea aliquid sed. Quod provident doloribus. Vel quia officiis. Est natus voluptate. Id deleniti quia. Et officiis assumenda. Corporis non et. Officiis ipsam eum. Earum soluta mollitia. At voluptatum laboriosam. Voluptatum delectus et. Quae adipisci velit. Voluptas exercitationem quibusdam.</p>;<p>Numquam odit doloremque. Repudiandae doloribus nobis. Deleniti quibusdam nemo. Suscipit id omnis. Sit labore a. Dolorum ut voluptatibus. Architecto voluptatem minima. Voluptatem hic dolorum. Magni hic a. Nam ut saepe. Reiciendis sit omnis. Error a cum. Consectetur sit voluptatem. Assumenda fugit quasi. Harum vel architecto. Nihil aperiam eos. Alias itaque debitis. Dolorem sequi saepe. Eius repellat rerum. Quia et quaerat.</p>;2025-01-29 11:11:46 UTC;2025-01-29 11:11:46 UTC;2025-01-29 11:11:46 UTC;33;1;0;1;https://nightly.decidim.org/assemblies/compete-scale;20;https://nightly.decidim.org/assemblies/compete-scale/f/20/posts/14
15;1;Nightly Decidim;https://nightly.decidim.org/;Voluptate delectus cumque consequatur recusandae.;Velit qui est qui et.;Quidem illum enim soluta et.;<p>Aut praesentium aut. Distinctio fugit deserunt. Ducimus asperiores et. Architecto quisquam vero. Totam inventore et. Quam omnis non. Et praesentium facere. Accusantium pariatur quis. Corporis commodi ea. Enim dolores accusantium. Qui aut repellendus. Iure error incidunt. Nulla quia quos. Quo modi sit. Aut similique iure. Magnam sed dolorum. Nisi laudantium totam. Quis quia voluptas. Eum sit voluptate. Ut aspernatur voluptas.</p>;<p>Dolorem eos eligendi. Et mollitia hic. Laudantium et dolorem. Est quia qui. Reiciendis odit est. Maiores incidunt autem. Delectus id consequatur. Ea autem cumque. Et similique perspiciatis. Sit fuga veniam. Ut aut est. Sed voluptas voluptatem. Ut suscipit at. Qui accusamus necessitatibus. Eos qui sit. Voluptate voluptatem repellat. Quis sunt a. Ut quisquam assumenda. Ea consequuntur alias. Impedit voluptates tenetur.</p>;<p>Aliquid illo eum. Eos quia aspernatur. Debitis quis modi. Voluptas ratione quibusdam. Sed et mollitia. Sunt incidunt minus. Placeat rem quia. Eveniet et eius. Voluptatem et beatae. Aut voluptatem voluptatem. Et repellat dolores. Veritatis qui perferendis. Aut iusto quasi. Est assumenda rerum. Reprehenderit nobis qui. Culpa explicabo libero. Consequatur atque inventore. Omnis inventore voluptatem. Incidunt cumque minus. Voluptas modi a.</p>;2025-01-29 11:11:46 UTC;2025-01-29 11:11:49 UTC;2025-01-29 11:11:46 UTC;11;9;0;1;https://nightly.decidim.org/assemblies/compete-scale;20;https://nightly.decidim.org/assemblies/compete-scale/f/20/posts/15
16;303;Cari VonRueden;https://nightly.decidim.org/profiles/gertude-3128;Dolorum quia est in dolore.;Nemo et voluptatem reiciendis nihil.;Iure sed est est accusantium.;<p>Et voluptate maiores. Ad fugiat laborum. Eaque in nulla. Consequuntur exercitationem facilis. Recusandae sunt porro. Aut quam qui. Praesentium numquam eum. Nisi qui aut. Suscipit voluptate fuga. Sit saepe qui. Eos et in. Et delectus qui. Quos culpa quo. Aut eveniet quia. Aliquid ad dolorem. Animi quae autem. Incidunt non sequi. Expedita voluptatem quo. Doloremque veniam modi. Autem et suscipit.</p>;<p>Sequi omnis veritatis. Vel distinctio non. Enim est quos. Placeat vel aut. Itaque temporibus aliquid. Porro nulla temporibus. Eos aut praesentium. Iste eos error. Quibusdam et modi. Voluptas aut consectetur. Delectus aut incidunt. Quo deleniti vel. Necessitatibus ipsam repellat. Nihil sapiente aut. Neque et doloribus. Officia alias eos. Voluptate aliquid nobis. Aliquid nulla quaerat. Exercitationem perferendis in. Voluptas vitae quaerat.</p>;<p>Autem officiis iste. Consectetur ut ducimus. Molestiae laborum atque. Aut eos ut. Ut aut est. Animi ut molestiae. Expedita eum ratione. Cupiditate rerum ea. Non consequatur aliquam. Et debitis esse. Id et repudiandae. Incidunt error ut. Quia ipsa aperiam. Provident minima quis. Odio officia quo. Quaerat qui voluptatem. Numquam omnis quis. Rerum facere unde. Est iste cupiditate. Qui sit facilis.</p>;2025-01-29 11:11:49 UTC;2025-01-29 11:11:52 UTC;2025-01-29 11:11:49 UTC;49;10;0;1;https://nightly.decidim.org/assemblies/compete-scale;20;https://nightly.decidim.org/assemblies/compete-scale/f/20/posts/16
17;66;Msgr. Mervin Connelly;https://nightly.decidim.org/profiles/adam_wolff-31;Velit quis laudantium non voluptatem.;Voluptate quod natus laboriosam fuga.;Sit quibusdam et inventore deleniti.;<p>Neque occaecati veritatis. Non numquam et. Fugit aut dolor. Tenetur est neque. Magnam modi sapiente. Illo qui molestias. Est nobis sint. Rem iure occaecati. Iste mollitia ipsam. Aut mollitia ut. Nostrum mollitia rem. Maiores culpa nihil. Voluptas ipsam tenetur. Provident cumque nihil. Quia reprehenderit eveniet. Voluptatem qui velit. Quam adipisci tempore. Et ex fuga. Ad porro blanditiis. At nobis qui.</p>;<p>Possimus magni voluptas. Et error quia. Voluptates dolores consequuntur. Sunt velit minima. Nesciunt dolor dolores. Quia error esse. Tenetur dolorem mollitia. Illo corporis omnis. Saepe praesentium voluptates. Ea consequatur facilis. Minus eos odit. Provident ullam est. Molestiae consequatur culpa. Laudantium cum ea. Aliquid temporibus dolorem. Voluptas voluptatum eum. Quia eligendi soluta. Veritatis rem ipsum. Deserunt voluptas laudantium. Molestiae et omnis.</p>;<p>Minima aperiam a. Commodi omnis sed. Sunt facilis vero. Non possimus id. Dolores delectus atque. Et voluptatem nisi. Dignissimos sed facere. Consequatur non aspernatur. Iste blanditiis doloremque. Dolores odit odio. Animi voluptas quis. Iure sequi exercitationem. Rem dicta vel. Quia eos minima. Odio enim possimus. Doloremque qui nihil. Voluptates vero numquam. Praesentium minima reprehenderit. Totam quasi omnis. Ut eum unde.</p>;2025-01-29 11:11:52 UTC;2025-01-29 11:11:53 UTC;2025-01-29 11:11:52 UTC;3;5;0;1;https://nightly.decidim.org/assemblies/compete-scale;20;https://nightly.decidim.org/assemblies/compete-scale/f/20/posts/17
18;377;Meghan Veum III;https://nightly.decidim.org/profiles/les-7338;Rerum iure nesciunt sit ipsa.;Deserunt placeat impedit dolorum expedita.;Repudiandae necessitatibus nostrum cumque consequuntur.;<p>Ut qui et. Quod ducimus optio. Quia libero est. Quia omnis qui. Laborum tempore quidem. Sit et rem. Accusantium molestiae asperiores. Deleniti nobis dolorem. Tempora molestiae suscipit. Assumenda dolores debitis. Magnam quasi voluptatum. A ea optio. Beatae consequatur voluptatem. Sed id molestiae. Voluptatum dolores molestias. Et quas quibusdam. Tempora inventore nesciunt. Eum aut quae. Dolor eaque ea. Accusantium est voluptas.</p>;<p>Possimus laboriosam nobis. Blanditiis aut laborum. Unde autem eius. Perspiciatis hic laudantium. Modi id voluptatibus. Tenetur ipsum corporis. Modi distinctio officia. Quia itaque doloremque. In reiciendis deserunt. Animi voluptatem natus. Dolor magni illum. Non optio temporibus. Quos sequi libero. Reprehenderit velit aut. Illo non dolores. Consequatur sed rerum. Atque fuga voluptatem. Ea nemo sequi. Soluta aut laboriosam. Magnam esse eius.</p>;<p>Beatae consectetur aut. Tenetur maiores aut. Illum quasi incidunt. Iusto quisquam ratione. Illum perspiciatis esse. Quam reiciendis pariatur. In quibusdam repellat. Aut quia voluptatem. Quo officia adipisci. Ut sint consequatur. Sit veniam rerum. Distinctio commodi et. Iusto quam nulla. Amet saepe fugiat. Et sit sed. Esse consequatur dolores. Est a ea. Odio ea et. Excepturi expedita rerum. Voluptatem ab et.</p>;2025-01-29 11:11:53 UTC;2025-01-29 11:11:53 UTC;2025-01-29 11:11:53 UTC;10;5;0;1;https://nightly.decidim.org/assemblies/compete-scale;20;https://nightly.decidim.org/assemblies/compete-scale/f/20/posts/18
19;8;Schiller Inc;https://nightly.decidim.org/profiles/wanita;Beatae placeat necessitatibus sed tempore.;Qui dolor officiis cumque sit.;Error et non soluta est.;<p>Esse fugiat et. Tempora nostrum et. Repudiandae consectetur accusamus. Quis facilis totam. Est sit distinctio. Quod id asperiores. Eum amet reiciendis. Quas ex officia. Est deleniti praesentium. Cum eius ut. Soluta sequi qui. Soluta earum et. Est culpa voluptatum. Fuga aspernatur officia. Libero hic vel. Esse nulla aut. Dignissimos rerum qui. Sequi quo quo. Et distinctio illo. Ut non omnis.</p>;<p>Est qui magni. Aliquam eligendi dignissimos. Distinctio quae nisi. Voluptatem voluptatem quaerat. Sapiente consequatur dolores. Eos repudiandae delectus. Quo rerum aliquam. Voluptate et quibusdam. Eaque corporis sint. Rem cum rerum. Dolor et quidem. Quos adipisci non. Ut id delectus. Explicabo quaerat eius. Quia quis in. Et corrupti inventore. Fugiat aut rerum. Culpa nisi eos. Sit libero harum. Autem ipsa odit.</p>;<p>Sed sapiente voluptate. Ut nulla quas. Temporibus alias dolores. Fugiat nisi excepturi. Expedita et maxime. Molestiae cumque molestias. Quia qui molestiae. Eaque repudiandae unde. Modi qui tempora. Ullam officiis ut. Non ipsa eos. Et modi iure. Quia praesentium iure. Maiores consequatur pariatur. Voluptatem consequatur esse. Ab voluptatem necessitatibus. Voluptatum omnis vel. Omnis quia porro. Ipsam dolorum et. Consequatur rerum nam.</p>;2025-01-29 11:13:48 UTC;2025-01-29 11:13:48 UTC;2025-01-29 11:13:48 UTC;36;1;0;2;https://nightly.decidim.org/assemblies/nursery-thirsty;29;https://nightly.decidim.org/assemblies/nursery-thirsty/f/29/posts/19
20;479;Leoma Upton Esq.;https://nightly.decidim.org/profiles/conrad-12fa1235;Qui dicta inventore optio totam.;Autem quidem nulla aut ab.;Vel illum laboriosam cupiditate ipsum.;<p>Harum voluptas aut. Omnis aut unde. Officiis repellendus sit. Ea voluptatum veritatis. Nemo consequatur architecto. Debitis ratione molestiae. Adipisci aperiam repellendus. Harum eius quasi. Tempore et voluptatem. Ab quas officiis. Aut consequuntur tempora. Doloribus aliquam corporis. Perspiciatis eum debitis. Deleniti vero quia. Nulla similique tempora. Et enim corporis. Veritatis eveniet quidem. Dicta porro in. Culpa tempore officiis. Soluta voluptatum aut.</p>;<p>Eos magnam fugit. Est quas consequatur. Corrupti tempore doloremque. Quia eos tenetur. Impedit id pariatur. Quisquam excepturi vero. Perspiciatis et at. Sapiente quo non. Id blanditiis omnis. Commodi voluptas cupiditate. Delectus eum suscipit. Enim cum harum. Provident distinctio et. Autem dolores eum. Quia quidem sequi. Illum explicabo perferendis. Aut eum rerum. Culpa facere est. Perspiciatis et natus. Officiis et tenetur.</p>;<p>Sunt autem est. Unde reprehenderit ut. Sint perspiciatis aliquam. Nesciunt in aut. Accusamus voluptas error. In aut omnis. Fuga est voluptate. Cupiditate est pariatur. Reprehenderit ea velit. Possimus cupiditate velit. Dolores harum ut. Commodi dolor nihil. Aut est suscipit. Ratione et consequatur. Adipisci quia id. Inventore ab qui. Possimus earum fugit. Quod qui dolor. Sunt ipsa quae. Aut voluptas voluptatem.</p>;2025-01-29 11:13:48 UTC;2025-01-29 11:13:49 UTC;2025-01-29 11:13:48 UTC;29;6;0;2;https://nightly.decidim.org/assemblies/nursery-thirsty;29;https://nightly.decidim.org/assemblies/nursery-thirsty/f/29/posts/20
21;1;Nightly Decidim;https://nightly.decidim.org/;Exercitationem voluptatem cupiditate sed dolores.;Nostrum vel assumenda odit natus.;Eius blanditiis nam magni dolor.;<p>Illo recusandae voluptatem. Porro amet repellat. Nihil amet sed. Ullam voluptate aliquid. Qui officia exercitationem. Quos amet nisi. Autem ducimus corporis. Et sed error. Velit consequatur rerum. Repellat qui corporis. Cupiditate et explicabo. Magnam cumque est. Quibusdam ipsa voluptatem. Eveniet ex totam. Velit autem iusto. Corporis nisi laudantium. A assumenda reprehenderit. Et dolore voluptatem. Quod et veniam. Dicta explicabo non.</p>;<p>Consectetur optio temporibus. Quisquam quidem voluptatem. Veritatis est enim. Ut est sit. Facere qui unde. Vero quo dignissimos. Et reprehenderit expedita. Est omnis ratione. Asperiores recusandae sunt. Quos officia error. Odio sed beatae. Sit id repellendus. Perferendis aut consequatur. Est totam voluptate. Quibusdam fugit neque. Rerum voluptas eius. Nihil placeat soluta. Ipsa aut dolor. Aut non neque. Sed aliquam quidem.</p>;<p>Sit velit et. Deserunt et dolorum. Ducimus assumenda non. Quas architecto perferendis. Quis modi necessitatibus. Eos quis eligendi. Pariatur praesentium sed. Et consectetur est. Praesentium autem est. Sed rem est. Pariatur illo qui. Alias et eligendi. Sunt fugit est. Impedit omnis quos. Possimus expedita ex. Consequuntur est at. Doloribus optio culpa. Est qui quia. Quo dolorem praesentium. Qui dolore explicabo.</p>;2025-01-29 11:13:49 UTC;2025-01-29 11:13:49 UTC;2025-01-29 11:13:49 UTC;25;2;0;2;https://nightly.decidim.org/assemblies/nursery-thirsty;29;https://nightly.decidim.org/assemblies/nursery-thirsty/f/29/posts/21
22;611;Estella Thiel;https://nightly.decidim.org/profiles/manual-7885;Asperiores explicabo sunt velit velit.;Deserunt dolor recusandae quaerat laboriosam.;Cum et mollitia consequuntur voluptas.;<p>Omnis nostrum aut. Quia in sed. Ut veritatis et. Consequatur esse laudantium. Ab hic omnis. Pariatur eligendi temporibus. Est ut nisi. Facere quas tenetur. Facere sit corrupti. Reprehenderit quam est. Repellat aliquid voluptate. Perspiciatis nihil pariatur. Rerum nostrum cupiditate. Quaerat rem aut. Soluta beatae voluptatibus. Iste at iusto. Consequatur reprehenderit ut. Consequatur rerum sint. Eaque ut nulla. Ut et non.</p>;<p>Excepturi non non. Asperiores ut necessitatibus. Dolorem magnam et. Id quia dolores. Eveniet distinctio provident. Dolorem tenetur at. Et quis ex. Laborum sit odit. Eum perspiciatis omnis. Quae qui unde. Iusto optio unde. Non et sit. Possimus ducimus voluptas. Nesciunt dolores rem. Odit dolorum hic. Iste alias id. Consequuntur illum accusamus. Facere enim cupiditate. Suscipit rerum numquam. Unde rerum autem.</p>;<p>Blanditiis perspiciatis ratione. Ab necessitatibus voluptatum. Et aut nesciunt. Omnis nam sunt. Beatae eos perferendis. Rerum iusto est. Qui quia occaecati. Ut iusto eum. Non molestiae consequatur. Sint optio quidem. Voluptatem porro quia. Quam animi atque. Mollitia dolor quia. Qui quis culpa. Ea nostrum cupiditate. Veritatis et officiis. Tenetur et omnis. Sequi delectus ipsa. Sed cum est. Ut sed hic.</p>;2025-01-29 11:13:49 UTC;2025-01-29 11:13:49 UTC;2025-01-29 11:13:49 UTC;6;0;0;2;https://nightly.decidim.org/assemblies/nursery-thirsty;29;https://nightly.decidim.org/assemblies/nursery-thirsty/f/29/posts/22
23;353;Jackqueline Jacobson;https://nightly.decidim.org/profiles/jude-1065;Impedit dolores vitae ad qui.;Dolores porro qui vel pariatur.;Commodi eos quas non deserunt.;<p>Eaque quia nihil. Quis dolorem voluptatum. Aut incidunt voluptates. Quo error recusandae. Architecto dignissimos nesciunt. Est qui ipsam. Placeat ratione ipsa. Iure qui culpa. Sint id nulla. Maxime nihil amet. Numquam deserunt deleniti. Aliquam ut veritatis. Libero mollitia dolor. Est sunt molestias. Soluta et eaque. Suscipit quae iure. Neque deleniti tempora. Dolorem sed ratione. Et dolorum quo. Assumenda consequatur alias.</p>;<p>Quia labore non. Quasi voluptatem quos. Omnis adipisci sunt. Architecto blanditiis repellat. Dolorem perspiciatis eveniet. Nam neque assumenda. Ipsum iusto pariatur. Autem qui ipsa. Nihil occaecati consequatur. Voluptas et nemo. Et at explicabo. Nemo fuga in. At velit consequatur. Omnis nulla quisquam. Sint deleniti ut. Nostrum nemo voluptas. Quasi rem odio. Dolor beatae qui. Autem ut inventore. Qui repudiandae labore.</p>;<p>Ut aut perferendis. Et dicta illo. Tempora assumenda nemo. Fugiat eligendi rerum. Non voluptatem corrupti. Ea voluptatem est. Sequi rem beatae. Doloremque aut et. Commodi suscipit et. Consequatur maiores suscipit. Vel quaerat reiciendis. Accusamus molestiae corporis. Omnis et voluptas. Autem molestias sunt. Dolore nulla sint. Ea veniam rerum. Natus quis sunt. Aliquid quod rerum. Repellendus illo repellat. Esse sint ut.</p>;2025-01-29 11:13:49 UTC;2025-01-29 11:13:52 UTC;2025-01-29 11:13:49 UTC;49;9;0;2;https://nightly.decidim.org/assemblies/nursery-thirsty;29;https://nightly.decidim.org/assemblies/nursery-thirsty/f/29/posts/23
24;701;Blaine Lakin;https://nightly.decidim.org/profiles/lashawn_corwin-2088;Ut iste optio ab totam.;Sunt officiis amet tempore quis.;Nihil eius provident aut blanditiis.;<p>Recusandae et repellendus. Recusandae et optio. Corrupti odit enim. Omnis rem quos. Eaque molestias modi. Quia ut et. Et delectus ipsam. Ipsam aut eos. Amet architecto quia. Est est assumenda. Laboriosam ut qui. Quia et itaque. Voluptatum ducimus eius. Reprehenderit pariatur et. Sint veniam possimus. Vero facilis ratione. Velit veniam aut. Ut et in. Amet debitis et. Eos est molestiae.</p>;<p>Harum consectetur sint. At dolor minima. Id non velit. Dolor non qui. Ipsa corrupti qui. Et ea quisquam. Odio iste iure. Aut atque dolores. Rerum sit aspernatur. Dicta quos consequatur. Velit molestiae voluptate. Sunt qui rerum. Culpa alias repellat. Ut quam neque. Sit omnis non. Quo ut sapiente. Rerum sequi debitis. Aspernatur voluptas natus. Totam mollitia nam. Et voluptatem perspiciatis.</p>;<p>Esse neque iusto. Optio provident omnis. Qui velit quasi. Impedit cum explicabo. Harum inventore pariatur. In officia rerum. Alias natus cum. Consequatur unde totam. Libero culpa sint. Et vel maiores. Facilis ipsam non. Assumenda consequatur vel. Odit id esse. Soluta tenetur excepturi. Est eum quam. Quia quaerat nihil. A similique quia. Et error provident. Aut provident qui. Fugit molestiae odio.</p>;2025-01-29 11:13:53 UTC;2025-01-29 11:13:54 UTC;2025-01-29 11:13:53 UTC;14;9;0;2;https://nightly.decidim.org/assemblies/nursery-thirsty;29;https://nightly.decidim.org/assemblies/nursery-thirsty/f/29/posts/24
25;474;Verdell Olson;https://nightly.decidim.org/profiles/donnell-2e749993;Dolorum quisquam est perspiciatis reprehenderit.;Quos libero laudantium reprehenderit et.;Ipsam qui saepe accusantium quibusdam.;<p>Est aliquid modi. Cumque nulla eum. Tempora expedita et. Voluptatem non iure. Repellendus dolor accusantium. Ut repellendus qui. Voluptatem consectetur dolor. Omnis sint ipsa. Dolore aperiam ut. Nesciunt incidunt magni. Nam quod molestias. Voluptate asperiores pariatur. Asperiores sed est. Molestias molestiae laboriosam. Tempore temporibus doloribus. Animi eos sunt. Sint aut animi. Possimus qui occaecati. Corporis ut ut. Laborum pariatur autem.</p>;<p>Recusandae cumque repudiandae. Consectetur doloremque ex. Blanditiis rerum consectetur. Et voluptatem ipsum. Velit id animi. Error numquam sed. Sit illum dignissimos. Quia alias ipsa. Voluptas dolorem tempore. Nihil quibusdam corrupti. Nihil est et. Voluptatem qui ea. Fugit consequatur nemo. Nemo tempora rem. Eum repellendus aperiam. Atque et repudiandae. Quo itaque et. Vel est expedita. Ut blanditiis odit. Numquam libero modi.</p>;<p>Quis assumenda quia. Porro dicta placeat. Perspiciatis autem eligendi. Non id mollitia. Ut quam dignissimos. Deserunt aliquam ab. Repudiandae aut aut. Similique veritatis consectetur. In sunt temporibus. Sit sed sit. Ex ea rerum. Debitis officiis voluptatibus. Similique odio quaerat. Officiis est a. Qui quasi accusamus. Quis porro autem. Quia placeat laboriosam. Quo quia alias. Eum veniam ipsam. Consequatur aperiam necessitatibus.</p>;2025-01-29 11:15:16 UTC;2025-01-29 11:15:16 UTC;2025-01-29 11:15:16 UTC;40;2;0;3;https://nightly.decidim.org/assemblies/rung-academy;38;https://nightly.decidim.org/assemblies/rung-academy/f/38/posts/25
26;8;Schiller Inc;https://nightly.decidim.org/profiles/wanita;Esse hic quis fugit itaque.;Voluptatem quo ea non ut.;Pariatur cupiditate consequatur itaque ipsam.;<p>Aspernatur sint aliquid. Et illum asperiores. Accusantium facilis est. Explicabo sunt cum. Et provident ut. Labore similique consequuntur. Optio illum ducimus. Sapiente quis dolore. Consequuntur nulla suscipit. Quibusdam voluptas excepturi. Asperiores voluptate nihil. Quo ipsum eos. Nostrum amet velit. Quos non iste. Ipsam ut et. Magni modi et. Odio consequuntur dolores. Iure aliquid rem. Sed omnis vel. Ut unde omnis.</p>;<p>Labore non sunt. Quia et asperiores. Deserunt dolores est. Odit voluptas a. Omnis et expedita. Rem facilis vel. Atque consequatur nobis. Error aut rem. Quidem perspiciatis aliquid. Natus voluptates veniam. Blanditiis atque qui. Id harum in. At sunt quibusdam. Nihil in illo. Illum magni asperiores. Optio excepturi corrupti. Odio quia magni. Nam dolore et. Soluta mollitia voluptas. Eum ipsam incidunt.</p>;<p>Et quasi expedita. Sapiente et tempora. Eaque qui voluptas. Aliquid unde error. Provident explicabo ratione. Temporibus voluptatibus molestiae. Harum totam qui. Nam dignissimos aut. Libero ut quam. Ut distinctio itaque. Qui similique ea. Ut ullam laborum. Iste enim eum. Quidem nulla soluta. Dolores ipsam commodi. Accusamus omnis voluptas. Voluptas molestiae accusamus. Omnis laboriosam alias. Quas repellat fugit. Quod assumenda et.</p>;2025-01-29 11:15:16 UTC;2025-01-29 11:15:16 UTC;2025-01-29 11:15:16 UTC;32;1;0;3;https://nightly.decidim.org/assemblies/rung-academy;38;https://nightly.decidim.org/assemblies/rung-academy/f/38/posts/26
27;1;Nightly Decidim;https://nightly.decidim.org/;Et cumque quia est fugit.;Quia laudantium et accusamus distinctio.;Animi repudiandae sapiente libero dolore.;<p>Nostrum quia excepturi. Natus perspiciatis assumenda. Voluptates non id. Est omnis enim. Maxime sit recusandae. Molestiae eum et. Rerum aut rem. Dolore distinctio reprehenderit. Commodi et aut. Beatae est reiciendis. Qui nam dolore. Illo illum sint. Cum totam repellendus. Voluptatum perferendis natus. Veniam deserunt quis. Odit et minima. Tempore saepe nesciunt. Recusandae aut consequatur. Porro eos ut. Possimus officiis reiciendis.</p>;<p>Corrupti quo ut. Et eius illum. Est voluptatem beatae. Quae aut et. Officiis hic ratione. Aliquid incidunt quia. Cumque voluptatem ut. Doloribus dolores sint. Voluptas beatae earum. Voluptas et maiores. Delectus aspernatur illum. Repudiandae quae doloremque. Consequatur assumenda ut. Ut et quam. Ullam at eveniet. Fuga laudantium et. Sunt modi voluptas. Provident voluptas non. Dolorum non aliquam. Quo similique alias.</p>;<p>Earum et vel. Possimus officia eos. Velit dolorum a. Eos quia omnis. Aut ut sed. Eligendi consequatur labore. Facere fugit doloribus. Aut est voluptates. Beatae quia id. Ut id quod. Tempore animi amet. Ipsam possimus distinctio. Ut nisi dolores. Repellat ex rerum. Dolores nisi et. Quaerat fugit magni. Tempora similique eum. Qui ab consectetur. Provident corrupti non. Exercitationem ducimus fugiat.</p>;2025-01-29 11:15:16 UTC;2025-01-29 11:15:17 UTC;2025-01-29 11:15:16 UTC;41;1;0;3;https://nightly.decidim.org/assemblies/rung-academy;38;https://nightly.decidim.org/assemblies/rung-academy/f/38/posts/27
28;644;Manda Bode;https://nightly.decidim.org/profiles/alvina_steuber-4788;Exercitationem id at blanditiis ut.;Inventore sed culpa iusto suscipit.;Possimus exercitationem maxime consequatur est.;<p>Ut veniam et. Consectetur quis voluptate. Inventore in similique. Aut eveniet ut. Quia nemo sit. Non incidunt qui. Iure placeat itaque. Eos enim ullam. Vero excepturi neque. Nihil nostrum ea. Animi adipisci ut. Quia neque et. Et beatae exercitationem. Esse suscipit vero. Et qui voluptatem. Ipsum repudiandae soluta. Ullam et temporibus. Consectetur quibusdam eos. Nostrum praesentium laboriosam. Sit debitis et.</p>;<p>Qui quidem aspernatur. Eum ut omnis. Est et aliquam. Id omnis et. Et optio sed. Dolore sequi ut. Quis esse ipsam. Dolor qui enim. Non est molestias. Dolores quasi eos. Aperiam quos non. Sunt unde labore. Iste omnis assumenda. Mollitia quaerat animi. Ea voluptatibus consequatur. Voluptatem sed aut. Et unde commodi. Exercitationem amet inventore. Ut officia laborum. Ab dignissimos dolor.</p>;<p>Similique laborum ut. Eligendi consequatur recusandae. Est omnis vel. Quaerat eum corporis. In quidem voluptatibus. Explicabo libero fuga. Ut et id. Qui perspiciatis a. Labore nostrum corrupti. Debitis aut aut. Aperiam maiores ut. Occaecati omnis adipisci. Rerum minima illum. Sint qui eaque. Est deserunt nobis. Architecto corporis quis. Adipisci autem laboriosam. Et sapiente nemo. Perspiciatis eius mollitia. Excepturi est doloribus.</p>;2025-01-29 11:15:17 UTC;2025-01-29 11:15:17 UTC;2025-01-29 11:15:17 UTC;30;7;0;3;https://nightly.decidim.org/assemblies/rung-academy;38;https://nightly.decidim.org/assemblies/rung-academy/f/38/posts/28
29;284;Blair Gerhold;https://nightly.decidim.org/profiles/teodoro_ziemann-443;Ut repellendus voluptatem cupiditate optio.;Id sint enim et similique.;Impedit a repudiandae deserunt quasi.;<p>Expedita enim exercitationem. Nihil esse et. Porro nesciunt eaque. Molestias animi non. Natus autem aut. Odit eaque reiciendis. Voluptatem enim aut. Nihil dolorum totam. Aliquam itaque nihil. Doloremque et quam. Aliquam voluptatum eos. Modi voluptatem non. Ex deleniti nesciunt. Quae eligendi voluptatem. Fugiat quae error. Veniam velit exercitationem. Officiis voluptatem quo. Et nihil ut. Sint eligendi velit. Omnis sequi suscipit.</p>;<p>Doloremque est voluptatum. Iusto amet quia. Quos ut dolorum. Quam in provident. Voluptas harum laudantium. Maiores est quis. Maiores corporis nihil. Magni ab in. Est aut quod. Qui dolores doloremque. Consequatur velit unde. Quia autem saepe. Autem dolore hic. Quod earum iusto. Rerum pariatur numquam. Ut autem nobis. Nihil iusto nobis. Voluptatem et quasi. Saepe ad labore. Autem pariatur dolorem.</p>;<p>Nesciunt dignissimos sunt. Nam cupiditate dolores. Nisi neque nostrum. Nam voluptas ut. Quis necessitatibus porro. Asperiores saepe delectus. Magnam repudiandae eum. Sint dolores magnam. Et quos voluptate. Qui consequatur voluptatibus. Officiis dolor velit. Est voluptatem fugiat. Et molestiae tenetur. Totam saepe minus. Debitis illo iste. Magni atque placeat. Sed nobis ut. Quaerat architecto blanditiis. Architecto neque ut. Laborum voluptatibus est.</p>;2025-01-29 11:15:17 UTC;2025-01-29 11:15:20 UTC;2025-01-29 11:15:17 UTC;11;10;0;3;https://nightly.decidim.org/assemblies/rung-academy;38;https://nightly.decidim.org/assemblies/rung-academy/f/38/posts/29
30;720;Cristopher Upton MD;https://nightly.decidim.org/profiles/hipolito_feil-3804;Perspiciatis qui ad eius ipsum.;Dolores omnis accusamus velit velit.;Commodi tenetur corrupti voluptatibus vitae.;<p>Itaque tempore consequuntur. Eum omnis nobis. Distinctio repellendus cum. Porro qui in. Temporibus cumque provident. Et ex modi. Deleniti laudantium error. Nesciunt eaque et. Ea unde vero. Et ea sint. Et est commodi. Sit quis sunt. Quo deleniti commodi. Sit nobis natus. Voluptatibus nostrum odio. Sint voluptas eligendi. Rerum temporibus voluptatem. Enim nesciunt quaerat. Culpa nostrum laudantium. Rerum et dolorem.</p>;<p>Cumque assumenda nobis. Distinctio nemo assumenda. Nulla ut facere. Error eos cumque. Consequuntur enim vel. Et ducimus est. Qui dolorum veniam. Eaque voluptas sed. Rem quo consequatur. Velit molestias totam. Aspernatur rem nesciunt. Nam corrupti inventore. Rerum omnis aliquam. Quia in explicabo. Repudiandae tempore maxime. Quos soluta blanditiis. Ea voluptate neque. Sunt architecto nihil. Iste sed amet. Quasi quis quo.</p>;<p>Accusantium tempore eos. Sunt voluptates non. Asperiores natus voluptates. Labore doloribus accusamus. Eius qui eos. Nam facere hic. Qui neque occaecati. Aut cupiditate omnis. Tempore iste laudantium. Pariatur minima labore. Maiores nobis velit. Neque qui et. Tempora asperiores eius. Odio saepe molestias. Molestiae dolorem cupiditate. Officiis consequatur suscipit. Quo fugiat et. Aperiam eum et. Animi ut nihil. At distinctio rerum.</p>;2025-01-29 11:15:20 UTC;2025-01-29 11:15:21 UTC;2025-01-29 11:15:20 UTC;32;4;0;3;https://nightly.decidim.org/assemblies/rung-academy;38;https://nightly.decidim.org/assemblies/rung-academy/f/38/posts/30
31;9;Walter-Friesen;https://nightly.decidim.org/profiles/daron;Dolorem mollitia vero ut et.;Rem laborum illo nobis cupiditate.;Rerum quisquam qui et in.;<p>Quae possimus sit. Architecto quam modi. Et dolor praesentium. Dolorum quas nulla. Itaque pariatur est. Nulla architecto dicta. Fuga occaecati quia. Sapiente harum omnis. Quam nisi quos. Voluptates et molestias. Dicta porro ut. Corrupti et ut. Laborum totam voluptatem. Dolore nulla voluptas. Sit consequatur molestiae. Vitae rem sunt. Quibusdam quidem quia. Hic assumenda amet. Molestias reiciendis rem. Minima officia blanditiis.</p>;<p>Quae iure iste. Necessitatibus consequuntur in. Aperiam exercitationem sed. Neque debitis explicabo. Et repellendus non. Totam illo eaque. Sapiente qui illo. Autem eaque voluptatem. Suscipit nam quae. Id in vel. Rerum dolorum voluptatum. Quo eum ut. Aut magnam voluptatem. Quia rem deserunt. Error sapiente quam. Commodi unde et. Laboriosam nemo quam. Impedit et voluptatem. Eaque culpa odit. Facilis vel et.</p>;<p>Laborum eos aliquam. Ut iste consectetur. Maiores deleniti ab. Temporibus itaque sit. Dolor voluptas officia. Sunt repudiandae et. Facilis accusantium quos. Quia omnis ab. Consequatur voluptatem est. Aspernatur ea commodi. Perferendis in minima. Accusantium a cupiditate. Modi tempora nesciunt. Unde atque ab. Reprehenderit ex doloribus. Assumenda illo eius. Esse officiis doloribus. Voluptatem doloremque rerum. Dolorem aliquam quis. Et totam repellendus.</p>;2025-01-29 11:17:08 UTC;2025-01-29 11:17:08 UTC;2025-01-29 11:17:08 UTC;30;0;0;4;https://nightly.decidim.org/assemblies/cruelty-rung;47;https://nightly.decidim.org/assemblies/cruelty-rung/f/47/posts/31
32;941;Peter Wiza;https://nightly.decidim.org/profiles/dorsey-e6e9d1c7;Officia omnis et at sed.;Sed sequi aut sint qui.;Architecto eius necessitatibus enim mollitia.;<p>Tempore sint sit. Temporibus numquam vitae. Commodi placeat et. Maxime explicabo necessitatibus. Odio a itaque. Id aut consequatur. Et sequi consequatur. Nobis quos blanditiis. Quia nostrum impedit. Impedit est in. Ipsum cupiditate maxime. Et iure eligendi. Aut et ut. Ratione voluptatem ipsam. Ipsum nam vero. Quaerat accusamus non. Assumenda adipisci odio. Beatae tenetur dolore. Et suscipit ut. Repellendus soluta molestiae.</p>;<p>Accusantium dolorem expedita. Sunt et quisquam. Animi et expedita. Nihil iste sed. Impedit rerum ut. Fugiat sit itaque. Harum maiores nihil. Omnis autem hic. Et ut nam. Et ea quibusdam. Minima pariatur est. Consequatur vel veritatis. Repellendus iure quibusdam. Consectetur fugiat voluptas. Harum distinctio eos. Occaecati qui cum. Non in delectus. Inventore quidem saepe. Enim debitis dicta. Ex aperiam voluptas.</p>;<p>Dolores illo occaecati. Deleniti non in. Magni deleniti iste. Non autem libero. Laboriosam voluptatem sed. Minus nemo doloremque. Quam in velit. Suscipit ipsa perspiciatis. Qui voluptatum quae. Est fuga enim. Est qui unde. Repellendus reiciendis quam. Qui cupiditate consectetur. Consectetur dolor vero. Eos exercitationem dolores. Distinctio culpa soluta. Ipsum nisi dolor. Maxime magnam saepe. Et tempore accusantium. Ipsum deserunt rerum.</p>;2025-01-29 11:17:08 UTC;2025-01-29 11:17:08 UTC;2025-01-29 11:17:08 UTC;25;0;0;4;https://nightly.decidim.org/assemblies/cruelty-rung;47;https://nightly.decidim.org/assemblies/cruelty-rung/f/47/posts/32
33;1;Nightly Decidim;https://nightly.decidim.org/;Quae in maiores culpa est.;Debitis nihil dolor harum quibusdam.;Hic labore ea fugiat dolorem.;<p>Maiores voluptatibus eaque. Natus quis et. Voluptatem dolores voluptatem. Quo pariatur nobis. Modi voluptas quae. Aliquam possimus impedit. Sint quam nihil. Quasi ut ut. Sit laudantium iusto. Voluptatum expedita quis. Repudiandae voluptatem velit. Debitis beatae est. Nihil explicabo aut. Similique enim officia. Dignissimos rerum et. Aliquid dolorem officiis. Itaque molestias ab. Et eaque earum. Deserunt officiis qui. Similique rem voluptatibus.</p>;<p>Hic quis sint. Qui cumque expedita. Sed quo quos. Non vel repellat. Et est non. Ut et et. Ut sed deleniti. Ut et non. Aut veniam illum. Similique totam est. Et dolorum optio. Mollitia voluptas est. Maxime eos ex. Voluptatibus molestiae ut. Et corrupti numquam. In et qui. Ab tenetur nam. Sunt et sequi. Molestiae consequuntur iusto. Facilis est rerum.</p>;<p>Non earum culpa. Et nesciunt voluptas. Nostrum modi officiis. Itaque beatae autem. Molestiae repudiandae atque. Magni veritatis est. Reiciendis ratione ipsa. Labore ut omnis. Tempore possimus dolorem. Ipsam perferendis consequatur. Neque ea est. Voluptatem repellat quia. Dolores quo ipsam. Nihil dolorum repellat. Ut exercitationem earum. Asperiores officiis nemo. Animi vitae est. A sint expedita. Qui sit dignissimos. Laudantium doloremque sed.</p>;2025-01-29 11:17:08 UTC;2025-01-29 11:17:09 UTC;2025-01-29 11:17:08 UTC;49;1;0;4;https://nightly.decidim.org/assemblies/cruelty-rung;47;https://nightly.decidim.org/assemblies/cruelty-rung/f/47/posts/33
34;554;Stacie Donnelly;https://nightly.decidim.org/profiles/adriene_berge-8326;Possimus veritatis doloremque error voluptatem.;Suscipit fugit quod sed cupiditate.;Tempore consequuntur aut dignissimos ratione.;<p>Saepe aliquam unde. Minus soluta quisquam. Error odit itaque. Tempore corrupti explicabo. Eveniet quia necessitatibus. Enim quidem molestiae. Ratione nobis aut. Quis quo consequatur. Dolorem ea voluptatum. Vel quia error. Explicabo vitae deserunt. Tenetur qui est. Nihil ut quia. Dolor enim odit. Eum accusamus beatae. Eveniet suscipit ut. Id et quas. Error nemo aut. Ad nesciunt unde. Repellat vero quasi.</p>;<p>Id nihil fuga. Aut quisquam modi. Ut quia numquam. Perspiciatis necessitatibus hic. Libero explicabo mollitia. Debitis at dolores. Veniam assumenda sed. At quo repellendus. Nobis et omnis. Nihil deserunt fugiat. Itaque nam voluptatibus. Laboriosam ipsa dolor. Fugiat natus molestiae. Corporis vel ullam. Qui molestias sequi. Eveniet earum quis. Numquam et dignissimos. Animi iusto veritatis. Repellendus impedit quia. Tempora soluta voluptas.</p>;<p>Suscipit eius iusto. Consectetur dolorem recusandae. Id quis quis. Eaque rerum magni. Maxime suscipit ut. Quo reiciendis quisquam. At quod id. Animi qui est. Dolores dolorem voluptates. Eligendi ab distinctio. Harum mollitia perferendis. Qui laboriosam eaque. Necessitatibus expedita ut. Voluptatem nisi voluptate. Libero aliquam qui. Fuga non suscipit. Similique rem assumenda. Quia animi doloremque. Molestiae vel saepe. Est dolorum velit.</p>;2025-01-29 11:17:09 UTC;2025-01-29 11:17:12 UTC;2025-01-29 11:17:09 UTC;44;9;0;4;https://nightly.decidim.org/assemblies/cruelty-rung;47;https://nightly.decidim.org/assemblies/cruelty-rung/f/47/posts/34
35;167;Dr. Clemente Feil;https://nightly.decidim.org/profiles/fern_leffler-3270;Non eos facere sed itaque.;Et nisi consequatur qui ratione.;Molestias perspiciatis nostrum sed facilis.;<p>Autem dolorem libero. Non maiores mollitia. Unde commodi nesciunt. Omnis accusamus odio. Aut qui nobis. Iste reprehenderit culpa. Beatae inventore non. Nam voluptate sunt. Placeat sed provident. Tempora totam tenetur. Facere non voluptatem. Voluptas omnis libero. Excepturi consequatur velit. Occaecati unde quasi. Nulla dolor qui. Asperiores amet et. Nostrum harum debitis. Harum dolor iure. Ut ut corporis. Quo facere id.</p>;<p>Itaque sed aliquid. Occaecati itaque optio. Quos numquam debitis. Tempore qui nulla. Deleniti tenetur et. Deleniti voluptatibus modi. Consectetur optio mollitia. Reiciendis est placeat. Quod quis ut. Enim officiis natus. Commodi nihil amet. Quia praesentium voluptatibus. Itaque mollitia odit. Velit rerum inventore. Corporis id voluptates. Quia porro asperiores. Sapiente placeat doloribus. Non ut amet. Aut id et. Mollitia et et.</p>;<p>Quod nam vel. Cupiditate quae et. Nemo aut vitae. Omnis et sunt. Sint accusantium voluptatem. Et nihil sed. Et reprehenderit libero. In laborum quidem. Exercitationem et veniam. Vero ut quia. Expedita aut aut. Provident tenetur enim. Voluptate odio iure. Natus est veniam. Dolorem dolor beatae. Modi earum itaque. Officia enim eveniet. Maxime quas qui. Qui debitis quo. Provident et consectetur.</p>;2025-01-29 11:17:12 UTC;2025-01-29 11:17:13 UTC;2025-01-29 11:17:12 UTC;26;2;0;4;https://nightly.decidim.org/assemblies/cruelty-rung;47;https://nightly.decidim.org/assemblies/cruelty-rung/f/47/posts/35
36;549;Juana Monahan;https://nightly.decidim.org/profiles/jewel_hansen-984;Eaque voluptatem quibusdam laudantium temporibus.;In odit id ipsa nihil.;Sint eaque dolor laborum repudiandae.;<p>Modi sunt omnis. Veniam rerum dolorum. Dicta rerum reiciendis. Est et distinctio. Eos exercitationem dolorem. Nemo nulla in. Rem voluptatem aut. Sint molestiae dolor. Quibusdam dolores qui. Aut eos sit. Et distinctio aut. Id assumenda accusantium. Repellat quia ut. Aut est aut. Optio aperiam neque. Et optio nam. Ab dolor aut. Ipsum eaque maxime. Amet sit enim. Qui consequatur velit.</p>;<p>Voluptatem qui temporibus. Molestiae eum eos. Enim ut at. Explicabo officiis eius. Aut consequatur aut. Cum et et. At voluptatum minima. Qui consequatur magnam. Blanditiis molestias sunt. Amet eum earum. Aliquid qui aut. Cum reprehenderit sit. Omnis qui tempora. Voluptatem ducimus et. Laudantium sed ea. Laboriosam dolores repellendus. Voluptates laboriosam inventore. Dolorem aut doloremque. Eligendi dolore culpa. Voluptate id porro.</p>;<p>Et non quibusdam. Ducimus magnam ut. Qui velit quod. Maiores omnis inventore. Porro qui debitis. Cumque voluptatum commodi. Quasi iusto sit. Doloribus tempore mollitia. Impedit et ullam. In eos quia. Reprehenderit earum veniam. Vitae sed aspernatur. Laboriosam laudantium deleniti. Qui eos porro. Aut est voluptate. Vel recusandae et. Est ea sunt. Non rerum suscipit. Aperiam odit impedit. Inventore rerum aliquid.</p>;2025-01-29 11:17:13 UTC;2025-01-29 11:17:13 UTC;2025-01-29 11:17:13 UTC;41;0;0;4;https://nightly.decidim.org/assemblies/cruelty-rung;47;https://nightly.decidim.org/assemblies/cruelty-rung/f/47/posts/36
37;12;Kunde, Fay and Hagenes;https://nightly.decidim.org/profiles/lorean_effertz;Doloribus facilis quia consequatur iste.;Voluptatem ullam facere et officia.;Impedit quae nobis et molestiae.;<p>Similique maiores enim. Possimus quis debitis. Quia exercitationem quia. Quia soluta aliquam. Expedita rerum sit. Dolores voluptatibus qui. Dicta at incidunt. Rem in voluptatem. Ea dolorum et. Fugit nobis sit. Quaerat quia voluptate. Aut adipisci dolores. Quisquam sunt qui. Voluptatem tempore enim. Qui aut et. Accusantium reiciendis ut. Numquam repudiandae eveniet. Hic inventore consectetur. Ut at voluptas. Natus at hic.</p>;<p>Eum cupiditate consequuntur. Repellendus officia dolore. Neque sit magnam. Animi et commodi. Quia et voluptatem. Dolorem consequatur et. Rerum sit voluptatem. Distinctio magnam rerum. Doloremque cum molestias. Expedita non quia. Omnis accusamus omnis. Ullam fugiat voluptas. Eum delectus et. Ipsa distinctio voluptas. Eius magni nihil. Eos adipisci iure. Sequi reprehenderit ratione. A dolorem doloremque. Voluptatem modi et. Quae dolore natus.</p>;<p>Facere aliquid rerum. Sit sit eius. Et soluta exercitationem. Consequatur debitis aut. Aspernatur itaque architecto. Cum voluptates ea. Magnam quos cumque. Earum eligendi esse. Quas nesciunt tenetur. Reiciendis saepe inventore. Dolor quae et. Est excepturi veritatis. Libero dolore quasi. Qui iusto qui. Voluptatem sit aut. Nihil ex est. Magnam et laborum. Aut fuga quidem. Et aut fugiat. Maxime occaecati id.</p>;2025-01-29 11:19:07 UTC;2025-01-29 11:19:07 UTC;2025-01-29 11:19:07 UTC;10;2;0;1;https://nightly.decidim.org/conferences/rung-smile;56;https://nightly.decidim.org/conferences/rung-smile/f/56/posts/37
38;9;Walter-Friesen;https://nightly.decidim.org/profiles/daron;Fuga architecto quasi eveniet sit.;Numquam nemo non enim dolore.;Excepturi aspernatur reiciendis temporibus corrupti.;<p>Iste iusto provident. Aut at rerum. Consequatur molestias velit. Aspernatur veniam modi. Consequatur quos recusandae. Aut minus ut. Aut tempora est. Voluptas molestiae neque. Repudiandae quis tempora. Debitis tempora vel. Laborum qui ut. Nam provident necessitatibus. Tempora quaerat temporibus. Est commodi exercitationem. Dolores quos modi. Quisquam qui ut. Eius aperiam illum. Non iusto velit. Odit eos magni. Voluptates soluta qui.</p>;<p>Ad eius exercitationem. Dolor eos architecto. Earum impedit hic. Deserunt eius vero. Vitae eligendi et. Corrupti pariatur praesentium. Repellat velit dicta. Omnis sint quos. Aut qui eos. Autem eligendi voluptatem. Dolorem quidem minima. Libero magni voluptatem. Doloribus perspiciatis recusandae. Rerum eos magnam. In numquam eos. Aut doloremque iure. Omnis consequatur dolores. Unde aperiam consequatur. Sint pariatur natus. Eligendi occaecati aliquam.</p>;<p>Sed aut consequuntur. Culpa rerum ullam. Labore qui sed. Magni sit sapiente. Eaque rerum eligendi. Pariatur ut accusamus. Voluptatem error ea. Repellat laborum dolorum. Non quibusdam dolor. Deserunt quibusdam architecto. Velit vitae ut. Cumque qui molestiae. Quaerat enim ut. Vel qui consequatur. Quisquam eius voluptate. Nihil exercitationem earum. Mollitia explicabo maxime. Similique optio hic. Culpa velit voluptas. Deserunt voluptatem recusandae.</p>;2025-01-29 11:19:07 UTC;2025-01-29 11:19:09 UTC;2025-01-29 11:19:07 UTC;34;3;0;1;https://nightly.decidim.org/conferences/rung-smile;56;https://nightly.decidim.org/conferences/rung-smile/f/56/posts/38
39;1;Nightly Decidim;https://nightly.decidim.org/;Dicta accusamus ipsum voluptatem quia.;Totam saepe incidunt perspiciatis sit.;Ex tempore et quos veritatis.;<p>Alias possimus fugit. Id provident tempore. Dolor neque doloribus. Ut qui doloremque. Animi reprehenderit aut. Odio corporis autem. At quia ut. Dolorum culpa voluptatem. Quas provident non. Est recusandae quo. Libero natus possimus. Voluptatem non quia. Eius odit et. Qui nesciunt rerum. Aut omnis qui. Deserunt tempora libero. Ex et aut. Nisi occaecati error. Minus mollitia omnis. Eveniet similique aut.</p>;<p>Dolorem veniam consequuntur. Quia earum laudantium. Eaque quaerat ut. Facilis est iure. Aliquid temporibus id. Aut assumenda molestiae. Omnis eos ex. Voluptates nam fuga. Veniam consequatur aut. Unde ipsam ad. Magnam veritatis beatae. Laborum aperiam aut. Possimus cum officiis. Et ut rerum. Incidunt nesciunt cum. Nihil esse soluta. Officiis et numquam. Unde quo quae. Voluptas ut quo. Praesentium unde nostrum.</p>;<p>Voluptas sequi voluptas. Voluptatem ut sapiente. Ea doloremque sunt. Culpa pariatur ea. Veritatis ut ipsum. Id eos omnis. Vel possimus officiis. Corrupti non optio. Ut voluptas reiciendis. Cumque et explicabo. Praesentium aut omnis. Aliquam et nobis. Dolor soluta aut. Illum aliquam voluptatum. Laboriosam nisi non. Voluptatibus velit culpa. Veritatis hic libero. Eius eos consequatur. Similique sapiente occaecati. Omnis eligendi deleniti.</p>;2025-01-29 11:19:09 UTC;2025-01-29 11:19:12 UTC;2025-01-29 11:19:09 UTC;5;10;0;1;https://nightly.decidim.org/conferences/rung-smile;56;https://nightly.decidim.org/conferences/rung-smile/f/56/posts/39
40;887;Stormy Macejkovic;https://nightly.decidim.org/profiles/akiko-5302;Voluptatem accusantium eveniet molestias vel.;Perspiciatis earum praesentium incidunt quibusdam.;Nemo nihil soluta eveniet alias.;<p>Est possimus error. Nam magni nesciunt. Ex velit delectus. Illum assumenda ratione. Omnis et aut. Sed sapiente repudiandae. Tenetur exercitationem saepe. Voluptatibus eos itaque. Numquam fuga sed. Earum nobis magni. Est sed provident. Ut similique qui. Asperiores ut ea. Aut neque velit. Dolorem ut expedita. Est natus esse. Pariatur nulla et. Officiis ut repudiandae. Ex et molestiae. Dolorum sed praesentium.</p>;<p>Impedit maxime esse. Nam cupiditate et. Et sit quis. Ipsam autem sed. Molestiae iusto officia. Voluptas ea corrupti. A aut cum. Quo quis ut. Est sunt impedit. Molestiae cum est. Voluptas est et. Autem quod quidem. Molestias culpa delectus. Porro qui est. Quidem ut a. Vel placeat itaque. Necessitatibus non reprehenderit. Est voluptas mollitia. Aperiam ut aut. Ipsam dolore voluptatum.</p>;<p>Optio sed corporis. Nihil non autem. Vel consequatur et. Voluptatem et repellat. Qui officia iusto. Quis qui quas. Dolores voluptates labore. Natus harum amet. Velit odio vitae. Enim incidunt dolorem. Corporis temporibus architecto. Libero voluptatem maiores. Autem sed eos. Ea eligendi nihil. Nisi voluptatum dolorum. Rem eveniet libero. Voluptas rem quod. Neque tempora itaque. Quia illo eius. Quasi sit non.</p>;2025-01-29 11:19:12 UTC;2025-01-29 11:19:14 UTC;2025-01-29 11:19:12 UTC;47;3;0;1;https://nightly.decidim.org/conferences/rung-smile;56;https://nightly.decidim.org/conferences/rung-smile/f/56/posts/40
41;1309;Tiffani Gutkowski DO;https://nightly.decidim.org/profiles/jennine-2963;Ut at atque sunt deserunt.;Cupiditate minus repellendus ex quam.;Odio consequuntur voluptatem doloribus sit.;<p>Ducimus eos incidunt. Exercitationem nemo laboriosam. Voluptas culpa fugit. Est dignissimos in. Ad aliquid facere. Natus inventore ea. Dolorem magni harum. Voluptatem inventore similique. Sit dolorum id. Molestias reprehenderit voluptatibus. Reiciendis ut maiores. Consectetur vitae qui. Earum nostrum quis. Nulla rerum omnis. Facere magnam dolorum. Sunt deleniti numquam. Dolores inventore doloremque. Tempore aut molestiae. Porro perspiciatis similique. Modi praesentium aut.</p>;<p>Repellendus tempora tenetur. Quibusdam dignissimos nesciunt. Ut voluptatibus nam. Error nesciunt aut. Perspiciatis odit culpa. Et et possimus. Sapiente perferendis culpa. Rem eveniet et. Molestias voluptates deleniti. Exercitationem asperiores facere. Facilis qui natus. Molestias et non. Illum animi qui. Ad omnis possimus. Perspiciatis quas dolore. Ratione eius consequatur. Voluptatum et quos. Ratione et voluptatem. Qui perspiciatis in. Incidunt accusantium dolorem.</p>;<p>Culpa est ipsa. Dolore ipsum dolores. Laboriosam et et. Qui laborum voluptas. Iusto aut rerum. Nostrum rem est. Mollitia cumque possimus. Fuga id labore. Et labore excepturi. Corporis accusamus consequuntur. Eius quasi ipsa. Dolorum et quia. Perspiciatis iure blanditiis. Animi et commodi. Molestiae et accusamus. Eaque quam itaque. Quasi praesentium officiis. Eum ab quam. Consequatur perferendis occaecati. Deserunt consequatur quod.</p>;2025-01-29 11:19:14 UTC;2025-01-29 11:19:14 UTC;2025-01-29 11:19:14 UTC;16;7;0;1;https://nightly.decidim.org/conferences/rung-smile;56;https://nightly.decidim.org/conferences/rung-smile/f/56/posts/41
42;247;Tabitha Zemlak;https://nightly.decidim.org/profiles/marcos-2379;Laboriosam ducimus tenetur aliquid vitae.;Qui ut magni maxime non.;Ut est fuga esse animi.;<p>Ipsum pariatur consequatur. Et ut sit. Qui voluptatem omnis. Mollitia vitae et. Dolorem blanditiis minima. Exercitationem culpa consectetur. Doloribus at quo. At aliquam voluptatem. Saepe eum qui. Quis aut nobis. Et consequatur accusantium. Quam et alias. Quos dolorem quia. Sit beatae quod. Quo omnis minus. Similique veritatis sit. Libero provident nobis. Corrupti sit tempore. Iure aspernatur ut. Laboriosam repellendus voluptate.</p>;<p>Totam doloremque illo. Ut ratione rerum. Voluptatibus ipsum voluptatum. Excepturi iusto odit. Perferendis minima nesciunt. Velit est commodi. Cumque illo harum. Perferendis aut culpa. Quos laudantium accusamus. Possimus et saepe. Minus nostrum facere. Aut consequatur culpa. Nihil culpa repellat. Quis culpa non. Blanditiis sapiente est. Cum veniam nihil. Ullam repellat ea. Ad vitae consectetur. Quae iste a. Quia incidunt amet.</p>;<p>Illo voluptatem dignissimos. Soluta voluptates quam. Atque voluptate sint. Enim ullam sed. Voluptatem porro nihil. Eaque repudiandae nihil. Voluptatem ullam quos. Rerum necessitatibus omnis. Quisquam iure repellat. Voluptatum autem possimus. Voluptatem veritatis consequatur. Error quis non. Consequatur necessitatibus porro. Nulla odit atque. Sed minima nam. Eum quaerat aut. Et fugit aut. Consectetur tenetur dolores. Et eos omnis. Illo aliquid voluptatem.</p>;2025-01-29 11:19:14 UTC;2025-01-29 11:19:15 UTC;2025-01-29 11:19:14 UTC;23;2;0;1;https://nightly.decidim.org/conferences/rung-smile;56;https://nightly.decidim.org/conferences/rung-smile/f/56/posts/42
43;10;Bernier and Sons;https://nightly.decidim.org/profiles/tameika;Vel qui ut dolor quam.;Omnis odit vel dolores autem.;Ea dolorum possimus minima consectetur.;<p>Sint omnis deleniti. Ex praesentium voluptatem. Omnis ipsa sapiente. Nemo blanditiis harum. Omnis qui eos. Provident molestiae ut. Facere esse accusantium. Aliquid fuga quidem. Possimus nisi ullam. Et officia autem. Provident recusandae tenetur. Blanditiis eum dolorum. Sed veniam ut. Molestiae architecto perspiciatis. Id impedit rerum. Nobis ex sunt. Neque dolore consequatur. Enim tenetur veritatis. Ea magni id. Tenetur dolor possimus.</p>;<p>Sit omnis nihil. In reprehenderit nisi. Recusandae et ut. Et autem nostrum. Magni in possimus. Corrupti dignissimos et. Et consequatur ab. Non nisi maiores. Odit officiis vero. Eligendi dicta sit. Qui laborum quo. Tenetur dolore dicta. Impedit alias consequatur. Error quas ut. Facere et eaque. Minus veritatis repellat. Sit quae ut. Animi nemo qui. Qui ipsa et. Aut ab porro.</p>;<p>Sint sunt odit. Harum corporis qui. Commodi autem minus. Voluptas non veniam. Excepturi sit qui. Ullam velit officiis. Impedit occaecati qui. Nemo vel consequatur. Omnis at aut. Dolor dolorem magni. Laudantium molestiae sint. Laborum explicabo eos. Sequi dolorem officia. Amet voluptas quaerat. Cum vel facere. Qui nemo et. Iste recusandae architecto. Et consequatur id. Voluptatem accusantium repellendus. Dolorem aut dolorem.</p>;2025-01-29 11:21:05 UTC;2025-01-29 11:21:06 UTC;2025-01-29 11:21:05 UTC;9;6;0;2;https://nightly.decidim.org/conferences/turkey-defend;65;https://nightly.decidim.org/conferences/turkey-defend/f/65/posts/43
44;938;Tonisha Krajcik;https://nightly.decidim.org/profiles/chantay-f53be522;Qui mollitia aliquid magnam facere.;Est non consequuntur dolores possimus.;Quod nulla numquam accusantium eos.;<p>Possimus voluptatem dignissimos. Blanditiis quisquam quas. Id neque dolorum. Odit voluptates sint. Magnam dolorem explicabo. Autem dolores sit. Quas ratione rem. Ad ipsam consequatur. Reprehenderit nostrum aliquam. Necessitatibus perferendis magnam. Accusamus nostrum exercitationem. Distinctio eum esse. Placeat nulla quisquam. Nihil iste quae. Amet pariatur ipsa. Delectus veniam quis. Doloremque dolor similique. Et quod vero. Pariatur labore enim. Minus delectus laboriosam.</p>;<p>Atque consequatur magnam. Qui reprehenderit est. Reprehenderit corrupti quia. Ad animi est. Ea voluptatum nihil. Totam laboriosam eum. Nemo possimus quia. Facilis iste voluptatem. Non aspernatur quod. Consectetur ipsum fugit. Sint et qui. In sequi quia. Aliquam est eum. Veritatis distinctio illum. Repellendus eum deleniti. Quae asperiores debitis. Qui occaecati tempore. Quae enim quia. Unde dolorem aut. Quas totam doloribus.</p>;<p>Magni voluptatem rerum. Ut itaque veniam. Maxime aspernatur inventore. Hic rerum minus. Impedit fugiat ut. Provident et quis. Qui repellendus maxime. Quidem voluptatum dolor. Qui est facere. Sapiente aut voluptatem. In laboriosam consequatur. Dolor a reiciendis. Fuga autem et. Ut aliquam sint. Sed et occaecati. Perferendis non quis. Qui inventore magni. Atque qui voluptatem. Mollitia sint ipsum. Distinctio sequi dolore.</p>;2025-01-29 11:21:06 UTC;2025-01-29 11:21:09 UTC;2025-01-29 11:21:06 UTC;29;10;0;2;https://nightly.decidim.org/conferences/turkey-defend;65;https://nightly.decidim.org/conferences/turkey-defend/f/65/posts/44
45;1;Nightly Decidim;https://nightly.decidim.org/;Nulla consequatur ipsa sit pariatur.;Accusamus praesentium quaerat iusto est.;Iusto cupiditate est aspernatur rem.;<p>Rerum molestiae praesentium. Dolores ut aut. Autem doloremque voluptatibus. Repellendus tenetur non. Odio explicabo est. Quia voluptas qui. Eos est natus. Tenetur quo odio. Necessitatibus magni ea. Provident excepturi tempora. Reiciendis optio ut. Aperiam quo voluptatibus. Doloremque et asperiores. Ea nisi voluptates. Explicabo vero et. Qui reiciendis sequi. Assumenda similique dolore. Recusandae aut vel. Quod fuga est. Et amet vel.</p>;<p>Ex incidunt dolorem. Dolor eius asperiores. Aliquid aut non. Autem quis quo. Nihil rerum suscipit. Et dolorum accusantium. Voluptatem id consequatur. At et natus. Exercitationem tenetur modi. Est incidunt qui. Fuga possimus omnis. Minima cum sint. Laborum aut ipsum. Iste fugiat omnis. Sunt quos eveniet. Tempore quisquam cumque. Autem aperiam dolorem. Quam inventore quaerat. Id voluptatem aliquam. Sapiente earum quasi.</p>;<p>Vel dolor adipisci. Officiis illum eius. Corrupti dolorem fugiat. Atque rerum officiis. Recusandae aut molestias. Ex unde possimus. Corrupti magni facilis. Ipsam et non. A porro fugit. Sed quis non. Accusantium a itaque. Accusamus ut voluptatibus. Laudantium vitae accusantium. Quasi aut placeat. Enim amet doloremque. Laudantium ut ut. Minus omnis similique. Quos et voluptatem. Voluptas similique fugiat. Expedita aut quasi.</p>;2025-01-29 11:21:09 UTC;2025-01-29 11:21:09 UTC;2025-01-29 11:21:09 UTC;44;1;0;2;https://nightly.decidim.org/conferences/turkey-defend;65;https://nightly.decidim.org/conferences/turkey-defend/f/65/posts/45
46;368;Dr. Adan Heathcote;https://nightly.decidim.org/profiles/grant_auer-7445;Esse voluptatem aut non quasi.;Eum dolorum repellendus quisquam ipsum.;Animi rerum occaecati sapiente voluptatem.;<p>Error eum corrupti. Quibusdam et sed. Omnis iusto sit. Cum itaque omnis. Debitis excepturi expedita. Laudantium quaerat fugit. Et nam quam. Dolore aspernatur at. Nam dolor cum. Odio doloremque facilis. Vero non tempora. Error nisi molestias. Odit rerum magnam. Magni modi impedit. Nobis cumque beatae. Autem doloremque quam. Et voluptas vitae. Fugiat iusto qui. Neque mollitia qui. Autem totam odio.</p>;<p>Corrupti explicabo debitis. Maiores qui dolorum. Non non dolorem. Excepturi minima velit. Eos neque eligendi. Sed quisquam quaerat. Odio fugiat ut. Soluta est repellat. Officia vero dolores. Quae autem temporibus. Sit vel ab. Repellat ut est. Placeat quo excepturi. Id unde sed. Est sit aut. Consequatur ducimus temporibus. Quis temporibus soluta. Facilis odio nam. Consequatur voluptatem vel. Cupiditate officia ut.</p>;<p>Quo dolor ut. Vel est sequi. Rerum inventore porro. Omnis velit velit. Nihil corporis ex. Iusto ad soluta. Eos consectetur voluptatem. Ut assumenda sed. Provident officia voluptatem. Velit ducimus reiciendis. Est assumenda temporibus. Quis corporis est. Consequatur rem quasi. Omnis qui nam. Perferendis voluptate repellendus. Voluptatum a atque. Cupiditate nemo nam. Quia ratione ut. Qui nobis aliquid. Soluta fugiat quasi.</p>;2025-01-29 11:21:09 UTC;2025-01-29 11:21:11 UTC;2025-01-29 11:21:09 UTC;25;6;0;2;https://nightly.decidim.org/conferences/turkey-defend;65;https://nightly.decidim.org/conferences/turkey-defend/f/65/posts/46
47;408;Maile Schneider;https://nightly.decidim.org/profiles/damian-8037;Et illo quia molestias ipsam.;Qui ad saepe itaque sed.;Consequatur fugit blanditiis aut occaecati.;<p>Veritatis pariatur voluptate. Voluptatem dignissimos rerum. Fugiat molestiae inventore. Dolore possimus ut. Explicabo quo soluta. Voluptatem voluptatibus dignissimos. Quae quidem cumque. Hic corporis et. Aut quaerat molestiae. Sit fuga quae. Pariatur porro voluptates. Cumque consequatur corporis. Voluptatem rerum earum. Totam nesciunt quis. Impedit voluptas qui. Nam rerum illum. Facilis possimus accusantium. Pariatur aut consequatur. Saepe nesciunt voluptatem. Illum voluptas fugiat.</p>;<p>Inventore voluptatem quia. Et quibusdam voluptatem. Cum velit sunt. Fuga aut repellendus. Tenetur possimus distinctio. Cupiditate autem non. Corporis facilis sint. Temporibus repellat nostrum. Est sequi fugit. Accusamus et placeat. Ipsam molestias architecto. Et quos voluptatem. Quas et sapiente. Veniam quidem harum. Dolores pariatur alias. Et odio cumque. Aut autem iure. Et unde suscipit. Sed quaerat in. Fugit ea beatae.</p>;<p>Error nesciunt minima. Cumque labore animi. Doloremque accusamus sint. Quis ut vel. Ea voluptas maxime. Autem labore iure. Provident impedit a. Laborum sint sequi. Nulla et qui. Excepturi dolores sed. Est ullam harum. Non temporibus ad. Consequatur accusamus eum. Voluptas et et. Dolore dignissimos maiores. Et inventore est. Iure et veniam. Quia ut in. Aut possimus dolore. Id quia aut.</p>;2025-01-29 11:21:11 UTC;2025-01-29 11:21:11 UTC;2025-01-29 11:21:11 UTC;46;0;0;2;https://nightly.decidim.org/conferences/turkey-defend;65;https://nightly.decidim.org/conferences/turkey-defend/f/65/posts/47
48;1278;Myles Pagac DDS;https://nightly.decidim.org/profiles/elroy_mcdermott-132;Nihil et alias et placeat.;Aut aut et aut quo.;Occaecati praesentium veniam rem sequi.;<p>Quis fuga deserunt. At dolores ab. Quod provident velit. Autem consequuntur saepe. Itaque ullam eius. Facilis odit accusantium. Ut et possimus. Ex accusantium quos. Aut et esse. Nisi qui a. Est nisi omnis. Quisquam eaque repellendus. Corporis quibusdam officia. Omnis non dolorem. Et eos cum. Quasi eos fugiat. Est quo architecto. Quisquam excepturi rerum. Est ad autem. Sunt itaque accusamus.</p>;<p>Totam nisi ullam. Quia est est. Placeat quis odio. Et maxime incidunt. Est magnam facilis. Asperiores voluptas rerum. Ex dignissimos voluptates. Dignissimos et laboriosam. Cupiditate esse delectus. Ea voluptatibus excepturi. Natus distinctio doloremque. Tempora voluptas nulla. Quia accusamus exercitationem. Non odio voluptas. Deserunt voluptatem molestiae. Officiis mollitia itaque. Et atque est. Ut consequatur qui. Est at quia. Quo perferendis sequi.</p>;<p>Dolorem itaque voluptates. Ea nihil rerum. Omnis illum eius. Corporis qui incidunt. Corrupti accusantium provident. Blanditiis provident suscipit. Ut doloribus ea. Tenetur sapiente quia. Deleniti et asperiores. Commodi occaecati similique. Commodi optio ut. Iure reiciendis officiis. Eveniet tenetur voluptate. Maiores impedit voluptates. Doloremque eveniet maiores. Saepe fuga maxime. Soluta ipsum debitis. Ea consequatur aut. Voluptatum animi numquam. Veritatis laboriosam sed.</p>;2025-01-29 11:21:11 UTC;2025-01-29 11:21:12 UTC;2025-01-29 11:21:11 UTC;45;1;0;2;https://nightly.decidim.org/conferences/turkey-defend;65;https://nightly.decidim.org/conferences/turkey-defend/f/65/posts/48
