id;author/id;author/name;author/url;title/ca;title/en;title/machine_translations/es;description/ca;description/en;description/machine_translations/es;instructions/ca;instructions/en;instructions/machine_translations/es;start_time;end_time;information_updates;taxonomies/ids;participatory_space/id;participatory_space/url;component/id;reference;comments;follows_count;url;last_comment_at;comments_enabled;conclusions;closed_at;created_at;updated_at;endorsements_count;last_comment_by/id;last_comment_by/name;last_comment_by/url;conclusions/ca;conclusions/en;conclusions/machine_translations/es
1;1;Nightly Decidim;https://nightly.decidim.org/;Perferendis minima.;Praesentium dolor.;Hic sunt.;<p>Et molestiae quo. Provident quo accusantium. Sed voluptatem aperiam.</p>;<p>Veritatis sunt molestiae. Quis consectetur assumenda. Ut asperiores facere.</p>;<p>Voluptas dolor dolores. Cumque repellendus est. Aut eaque exercitationem.</p>;<p>Reiciendis veritatis numquam. Nesciunt ea beatae. Et sapiente ad.</p>;<p>Qui consectetur expedita. Qui ut ducimus. Quo a quibusdam.</p>;<p>Dolor voluptatem necessitatibus. Temporibus impedit sequi. Voluptate cupiditate et.</p>;2025-02-19 11:08:45 UTC;2025-03-09 11:08:45 UTC;;"";1;https://nightly.decidim.org/processes/premium-horizon;4;NIGHT-DEBA-2025-01-1;0;0;https://nightly.decidim.org/processes/premium-horizon/f/4/debates/1;;true;;;2025-01-29 11:08:45 UTC;2025-01-29 11:08:45 UTC;20;;;;;;
2;1;Nightly Decidim;https://nightly.decidim.org/;Mollitia cum.;Sequi voluptatum.;Sint voluptas.;<p>Accusantium ipsam quisquam. Quaerat velit temporibus. Ea quia quia.</p>;<p>Numquam delectus dignissimos. Quae voluptas nam. Odio voluptatem culpa.</p>;<p>Nobis nemo consectetur. Voluptas excepturi nulla. Quo possimus illum.</p>;<p>Itaque ab eligendi. Amet esse omnis. Commodi doloribus non.</p>;<p>Suscipit eaque sed. Consectetur voluptates voluptas. Maiores omnis laudantium.</p>;<p>Officiis consequatur nemo. Illum quia et. Consequatur voluptate incidunt.</p>;2025-05-14 11:08:45 UTC;2025-05-14 14:08:45 UTC;;"";1;https://nightly.decidim.org/processes/premium-horizon;4;NIGHT-DEBA-2025-01-2;0;0;https://nightly.decidim.org/processes/premium-horizon/f/4/debates/2;;true;;;2025-01-29 11:08:45 UTC;2025-01-29 11:08:45 UTC;7;;;;;;
3;1;Nightly Decidim;https://nightly.decidim.org/;Eos incidunt.;Tempora dolores.;Quisquam tenetur.;<p>Aperiam non adipisci. Ut necessitatibus pariatur. Expedita ut et.</p>;<p>Et eos corporis. Nihil magni laudantium. Ullam nostrum voluptatem.</p>;<p>Voluptatum rerum eligendi. Voluptas facere assumenda. Provident et voluptatum.</p>;<p>Debitis qui porro. Sed molestias ut. Sit autem qui.</p>;<p>Nisi debitis molestiae. Corporis nesciunt architecto. Amet voluptatem temporibus.</p>;<p>Soluta at autem. Nihil sed quisquam. Laboriosam incidunt voluptatem.</p>;;;;"";1;https://nightly.decidim.org/processes/premium-horizon;4;NIGHT-DEBA-2025-01-3;2;0;https://nightly.decidim.org/processes/premium-horizon/f/4/debates/3;2025-01-29 11:08:45 UTC;true;;;2025-01-29 11:08:45 UTC;2025-01-29 11:08:46 UTC;5;13;Prof. Jenni Bruen;https://nightly.decidim.org/profiles/pamella-6320;;;
4;1;Nightly Decidim;https://nightly.decidim.org/;Ea dolore.;Est quia.;Dolore libero.;<p>Nihil atque ab. Sint cupiditate facilis. Et architecto sunt.</p>;<p>Aut corrupti explicabo. Sequi et vitae. Autem nihil laudantium.</p>;<p>Nihil eos quia. Quos enim cumque. Non architecto quaerat.</p>;<p>Temporibus aut libero. Qui soluta at. Tempore porro et.</p>;<p>Ea voluptatem quo. Voluptatem corporis dolor. Ut vel ut.</p>;<p>Explicabo ex et. Nesciunt vel dolor. Est id voluptatem.</p>;2025-05-07 11:08:46 UTC;2025-05-12 11:08:46 UTC;;"";1;https://nightly.decidim.org/processes/premium-horizon;4;NIGHT-DEBA-2025-01-4;0;0;https://nightly.decidim.org/processes/premium-horizon/f/4/debates/4;;true;;;2025-01-29 11:08:46 UTC;2025-01-29 11:08:46 UTC;3;;;;;;
5;1;Nightly Decidim;https://nightly.decidim.org/;Voluptatum atque.;Omnis mollitia.;Eos blanditiis.;<p>Tenetur nihil eaque. Eum totam explicabo. Officiis cumque rerum.</p>;<p>Fugit accusantium saepe. Non nam sunt. Iure unde corporis.</p>;<p>Est sequi temporibus. Voluptatem voluptatem dicta. Nostrum ullam qui.</p>;<p>Commodi est labore. Vero quis pariatur. Sit quibusdam a.</p>;<p>Cupiditate itaque accusamus. Vero ut dolorem. Soluta optio quia.</p>;<p>Sit nemo aut. Vero vitae et. Deleniti cupiditate impedit.</p>;2024-09-18 11:08:46 UTC;2024-09-18 15:08:46 UTC;;"";1;https://nightly.decidim.org/processes/premium-horizon;4;NIGHT-DEBA-2025-01-5;0;0;https://nightly.decidim.org/processes/premium-horizon/f/4/debates/5;;true;;2025-01-29 11:08:46 UTC;2025-01-29 11:08:46 UTC;2025-01-29 11:08:46 UTC;26;;;;<p>Quia provident in. Beatae et ab. Aut debitis aut.</p>;<p>Et quidem odit. Veniam mollitia velit. Vel sunt sunt.</p>;<p>Voluptas ut dolorem. Cumque cupiditate sint. Ea laborum aut.</p>
6;2;Kristofer Mitchell;https://nightly.decidim.org/profiles/gabriel_kemmer-7839;Dolor error.;Eos illo.;Cumque velit.;<p>Earum alias quam. A facilis ut. Totam laudantium quia.</p>;<p>Enim vero dolorum. Aut quisquam neque. Repellendus expedita sed.</p>;<p>Deleniti natus et. Similique nisi voluptas. Sit nemo aut.</p>;<p>Et excepturi esse. Maxime error porro. Ea voluptatem nisi.</p>;<p>Tenetur eaque laborum. Et a quasi. Nisi omnis officia.</p>;<p>Sed qui nostrum. In aspernatur error. Quia illo a.</p>;;;;"";1;https://nightly.decidim.org/processes/premium-horizon;4;NIGHT-DEBA-2025-01-6;0;0;https://nightly.decidim.org/processes/premium-horizon/f/4/debates/6;;true;;;2025-01-29 11:08:46 UTC;2025-01-29 11:08:46 UTC;39;;;;;;
7;1;Nightly Decidim;https://nightly.decidim.org/;Quas sit.;Aut modi.;Optio ipsum.;<p>Error rerum totam. Magni hic quibusdam. Earum corporis omnis.</p>;<p>Facere facilis vitae. Eos et distinctio. Quae voluptate id.</p>;<p>Et deleniti quidem. Ratione sit qui. Dolor et sapiente.</p>;<p>Libero eaque quia. Iusto sunt ipsam. Sed tempore a.</p>;<p>Sint qui aut. Est quia enim. Ut molestiae maiores.</p>;<p>Voluptatem sapiente sit. Qui impedit et. Ut deleniti magni.</p>;2025-03-26 11:10:32 UTC;2025-03-26 15:10:32 UTC;;"";2;https://nightly.decidim.org/processes/stuff-midnight;13;NIGHT-DEBA-2025-01-7;0;0;https://nightly.decidim.org/processes/stuff-midnight/f/13/debates/7;;true;;;2025-01-29 11:10:32 UTC;2025-01-29 11:10:32 UTC;43;;;;;;
8;1;Nightly Decidim;https://nightly.decidim.org/;Ullam atque.;Sit velit.;Molestiae dolor.;<p>Voluptatum est voluptatem. Ullam id esse. Quas magni dolorem.</p>;<p>Voluptate quaerat soluta. Aspernatur incidunt est. Sit ea sed.</p>;<p>Omnis nam quod. Magnam dolorem nisi. Illum minus porro.</p>;<p>Quod minus et. Quis voluptates sit. Perferendis voluptatem maxime.</p>;<p>Ea ut repellat. Voluptatibus quaerat nihil. Tempora ut et.</p>;<p>Est quia veritatis. Autem sunt facilis. Fuga porro ea.</p>;2025-04-02 11:10:32 UTC;2025-04-02 15:10:32 UTC;;"";2;https://nightly.decidim.org/processes/stuff-midnight;13;NIGHT-DEBA-2025-01-8;0;0;https://nightly.decidim.org/processes/stuff-midnight/f/13/debates/8;;true;;;2025-01-29 11:10:32 UTC;2025-01-29 11:10:32 UTC;21;;;;;;
9;1;Nightly Decidim;https://nightly.decidim.org/;Unde consequatur.;Veritatis dolorem.;Odio ipsum.;<p>Saepe iure vitae. Officia ducimus tempora. Nemo labore mollitia.</p>;<p>Voluptatem iure voluptas. Voluptatibus aut nemo. Impedit aut et.</p>;<p>Qui est eos. Quas est ut. Sapiente at recusandae.</p>;<p>Consequatur sint quis. Et reprehenderit inventore. Id possimus commodi.</p>;<p>Ut consectetur omnis. Hic dolor corporis. Enim temporibus in.</p>;<p>Similique totam consequatur. Et repudiandae ipsum. Veniam culpa ut.</p>;;;;"";2;https://nightly.decidim.org/processes/stuff-midnight;13;NIGHT-DEBA-2025-01-9;0;0;https://nightly.decidim.org/processes/stuff-midnight/f/13/debates/9;;true;;;2025-01-29 11:10:32 UTC;2025-01-29 11:10:32 UTC;35;;;;;;
10;1;Nightly Decidim;https://nightly.decidim.org/;Rerum veniam.;Maiores aut.;Vero molestiae.;<p>Voluptas nostrum aut. Consequatur ipsum est. Quia recusandae mollitia.</p>;<p>Occaecati aut accusantium. Voluptatem impedit eos. Molestiae nisi sint.</p>;<p>Voluptatem natus quibusdam. Asperiores exercitationem et. Ut nesciunt sint.</p>;<p>Consectetur odit amet. Ut dolores mollitia. Quis voluptas reiciendis.</p>;<p>Qui esse est. Amet qui officia. Aut qui excepturi.</p>;<p>Quaerat quis qui. Ut suscipit est. Debitis ut qui.</p>;2024-11-13 11:10:32 UTC;2024-11-27 11:10:32 UTC;;"";2;https://nightly.decidim.org/processes/stuff-midnight;13;NIGHT-DEBA-2025-01-10;0;0;https://nightly.decidim.org/processes/stuff-midnight/f/13/debates/10;;true;;;2025-01-29 11:10:32 UTC;2025-01-29 11:10:32 UTC;36;;;;;;
11;1;Nightly Decidim;https://nightly.decidim.org/;Ratione amet.;Ad quo.;Fugiat modi.;<p>Repellat debitis et. Sapiente rerum sunt. Qui eos mollitia.</p>;<p>Voluptatum magnam ipsam. Sed iure aliquam. Praesentium iusto corporis.</p>;<p>Voluptate sit voluptas. Quidem repellendus mollitia. Sed tempore aliquam.</p>;<p>Commodi vel voluptatem. Est et aperiam. Occaecati ut molestiae.</p>;<p>Ad beatae atque. Sunt ut nobis. Aut cupiditate odit.</p>;<p>Voluptates veniam voluptatem. Vitae molestiae ea. Eos et ab.</p>;2025-01-01 11:10:32 UTC;2025-01-01 13:10:32 UTC;;"";2;https://nightly.decidim.org/processes/stuff-midnight;13;NIGHT-DEBA-2025-01-11;0;0;https://nightly.decidim.org/processes/stuff-midnight/f/13/debates/11;;true;;2025-01-29 11:10:32 UTC;2025-01-29 11:10:32 UTC;2025-01-29 11:10:32 UTC;42;;;;<p>Earum sint mollitia. Nobis alias sint. Nesciunt tenetur accusantium.</p>;<p>Doloribus temporibus dignissimos. Velit esse est. Iusto atque excepturi.</p>;<p>Et est dolores. Quo ad harum. Blanditiis ducimus rerum.</p>
12;2;Kristofer Mitchell;https://nightly.decidim.org/profiles/gabriel_kemmer-7839;Nostrum sapiente.;Quibusdam alias.;Maxime omnis.;<p>Fuga voluptatibus aut. Aut sit dolor. Numquam libero voluptas.</p>;<p>Debitis et voluptas. Eveniet quam repellat. Autem fugiat nobis.</p>;<p>Quia voluptas nemo. Officiis quod aut. Rem et explicabo.</p>;<p>Neque et quod. Consectetur ut molestiae. Dicta reprehenderit doloribus.</p>;<p>Voluptatem nulla facere. Doloremque consequatur commodi. Vel nulla consequatur.</p>;<p>Quasi voluptatem nobis. Ut consectetur dolores. Sunt ducimus non.</p>;;;;"";2;https://nightly.decidim.org/processes/stuff-midnight;13;NIGHT-DEBA-2025-01-12;0;0;https://nightly.decidim.org/processes/stuff-midnight/f/13/debates/12;;true;;;2025-01-29 11:10:32 UTC;2025-01-29 11:10:32 UTC;28;;;;;;
13;1;Nightly Decidim;https://nightly.decidim.org/;Vel et.;Ratione beatae.;Maxime deleniti.;<p>Quia odit vitae. Nesciunt doloribus dolor. Iusto ea optio.</p>;<p>Neque libero dolor. Atque rerum in. Qui excepturi distinctio.</p>;<p>Sit reprehenderit quas. Impedit autem necessitatibus. Mollitia doloremque ut.</p>;<p>Optio et mollitia. Debitis aut quasi. Ducimus et quibusdam.</p>;<p>Voluptatum nam sunt. Est totam et. Repellat labore omnis.</p>;<p>Est voluptas id. Qui ea quidem. Cum consequatur et.</p>;2025-06-18 11:11:55 UTC;2025-06-30 11:11:55 UTC;;"";1;https://nightly.decidim.org/assemblies/compete-scale;22;NIGHT-DEBA-2025-01-13;0;0;https://nightly.decidim.org/assemblies/compete-scale/f/22/debates/13;;true;;;2025-01-29 11:11:55 UTC;2025-01-29 11:11:55 UTC;41;;;;;;
14;1;Nightly Decidim;https://nightly.decidim.org/;Voluptas harum.;Ea incidunt.;Facilis assumenda.;<p>Animi vero laborum. Modi et repellendus. Sint vel rem.</p>;<p>Eum aut debitis. Vero dolores deleniti. Voluptatum adipisci quae.</p>;<p>Est provident et. Sint eum animi. Voluptatem corporis nesciunt.</p>;<p>Ea ut voluptatem. Recusandae voluptatem aut. Eaque laborum magnam.</p>;<p>Placeat deserunt suscipit. At assumenda rem. Est neque deleniti.</p>;<p>Esse est qui. Veniam et accusamus. Est vel praesentium.</p>;2025-05-28 11:11:55 UTC;2025-06-10 11:11:55 UTC;;"";1;https://nightly.decidim.org/assemblies/compete-scale;22;NIGHT-DEBA-2025-01-14;0;0;https://nightly.decidim.org/assemblies/compete-scale/f/22/debates/14;;true;;;2025-01-29 11:11:55 UTC;2025-01-29 11:11:55 UTC;19;;;;;;
15;1;Nightly Decidim;https://nightly.decidim.org/;Vero aut.;Velit sapiente.;Nam ad.;<p>Nisi voluptatum non. Sed autem repellendus. Provident occaecati assumenda.</p>;<p>Qui aut qui. Sapiente impedit et. Illum voluptatum recusandae.</p>;<p>Qui sed facilis. Quia assumenda rerum. Saepe reiciendis exercitationem.</p>;<p>Rerum dolore provident. Omnis sit quis. Mollitia labore cumque.</p>;<p>Corporis voluptatum quasi. Praesentium dolorem maxime. Et qui deleniti.</p>;<p>Et ipsam repudiandae. Animi omnis voluptatem. Quaerat suscipit occaecati.</p>;;;;"";1;https://nightly.decidim.org/assemblies/compete-scale;22;NIGHT-DEBA-2025-01-15;4;0;https://nightly.decidim.org/assemblies/compete-scale/f/22/debates/15;2025-01-29 11:11:55 UTC;true;;;2025-01-29 11:11:55 UTC;2025-01-29 11:11:55 UTC;6;426;Christinia Batz;https://nightly.decidim.org/profiles/monroe_hauck-8178;;;
16;1;Nightly Decidim;https://nightly.decidim.org/;Sint et.;Eveniet blanditiis.;Est officiis.;<p>Laboriosam ducimus temporibus. Non rerum et. Nisi est ab.</p>;<p>Accusamus est quaerat. Cupiditate velit id. Ipsum aspernatur maiores.</p>;<p>Et sunt aliquam. Qui sit inventore. Totam fugiat maiores.</p>;<p>In est earum. Iste laborum accusamus. Laborum et nemo.</p>;<p>Aut esse temporibus. Repellat quia vel. Et et dolores.</p>;<p>Officia tenetur dolores. Rem voluptatem consequatur. Provident ullam voluptatem.</p>;2025-03-12 11:11:55 UTC;2025-03-21 11:11:55 UTC;;"";1;https://nightly.decidim.org/assemblies/compete-scale;22;NIGHT-DEBA-2025-01-16;0;0;https://nightly.decidim.org/assemblies/compete-scale/f/22/debates/16;;true;;;2025-01-29 11:11:55 UTC;2025-01-29 11:11:55 UTC;20;;;;;;
17;1;Nightly Decidim;https://nightly.decidim.org/;Eveniet explicabo.;Voluptate minus.;Corporis molestiae.;<p>Delectus et sed. Cumque dolorem dicta. Quia quia libero.</p>;<p>Voluptatem quisquam laborum. Quo quam id. Et ut at.</p>;<p>Et aliquid similique. Ex et facilis. In sunt rem.</p>;<p>Sit repellat ut. Neque amet porro. Maiores dolorum corrupti.</p>;<p>Pariatur sequi quis. Accusamus nam molestiae. Ullam quasi nesciunt.</p>;<p>Sunt qui non. Earum error quas. Aut eum expedita.</p>;2024-12-18 11:11:55 UTC;2024-12-18 14:11:55 UTC;;"";1;https://nightly.decidim.org/assemblies/compete-scale;22;NIGHT-DEBA-2025-01-17;0;0;https://nightly.decidim.org/assemblies/compete-scale/f/22/debates/17;;true;;2025-01-29 11:11:56 UTC;2025-01-29 11:11:55 UTC;2025-01-29 11:11:56 UTC;29;;;;<p>Perspiciatis tenetur nihil. Voluptatem autem aliquam. Dolores fugit distinctio.</p>;<p>Cum sed hic. Quis quia itaque. Non sapiente fugiat.</p>;<p>Consectetur vel totam. Est autem repellendus. Velit aut sunt.</p>
18;2;Kristofer Mitchell;https://nightly.decidim.org/profiles/gabriel_kemmer-7839;Optio et.;Optio odit.;Alias sit.;<p>Et quasi non. Porro excepturi dignissimos. Excepturi blanditiis voluptates.</p>;<p>Cupiditate aut id. Rem explicabo sit. Laudantium sapiente at.</p>;<p>Qui nam deleniti. Voluptas vero et. Architecto est laboriosam.</p>;<p>Ex est officiis. Tempora quos blanditiis. Unde ea aliquam.</p>;<p>Minus explicabo at. Et et ut. Asperiores numquam in.</p>;<p>Sint vel laboriosam. Ut voluptas veritatis. Provident quia amet.</p>;;;;"";1;https://nightly.decidim.org/assemblies/compete-scale;22;NIGHT-DEBA-2025-01-18;0;0;https://nightly.decidim.org/assemblies/compete-scale/f/22/debates/18;;true;;;2025-01-29 11:11:56 UTC;2025-01-29 11:11:56 UTC;43;;;;;;
19;1;Nightly Decidim;https://nightly.decidim.org/;Et et.;Deleniti recusandae.;Odit provident.;<p>Pariatur fugiat ad. Reprehenderit repellat sequi. Veniam consequatur illo.</p>;<p>Labore eum architecto. Culpa et expedita. Voluptates porro et.</p>;<p>In hic laborum. Velit aut delectus. Aut qui odit.</p>;<p>Voluptate cum sed. Omnis laborum unde. Asperiores hic similique.</p>;<p>Est ipsum tenetur. Tempora molestiae aut. Quibusdam ad mollitia.</p>;<p>Ipsa officia dignissimos. At deleniti ut. Aut ullam id.</p>;2025-05-28 11:13:56 UTC;2025-05-28 13:13:56 UTC;;"";2;https://nightly.decidim.org/assemblies/nursery-thirsty;31;NIGHT-DEBA-2025-01-19;0;0;https://nightly.decidim.org/assemblies/nursery-thirsty/f/31/debates/19;;true;;;2025-01-29 11:13:56 UTC;2025-01-29 11:13:56 UTC;47;;;;;;
20;1;Nightly Decidim;https://nightly.decidim.org/;Neque et.;Possimus consequatur.;Voluptas est.;<p>Porro quia distinctio. Molestiae tenetur et. Voluptas repellat placeat.</p>;<p>Blanditiis enim temporibus. Ea consequatur rerum. Enim aliquid dolorem.</p>;<p>Laudantium exercitationem et. Similique ex at. Omnis vitae soluta.</p>;<p>Ab repellat voluptas. Ut repudiandae nobis. Et est quos.</p>;<p>Labore tempora eum. Velit quae placeat. Nesciunt iste magnam.</p>;<p>Dolor sit aut. Autem a enim. Laudantium nam incidunt.</p>;2024-11-06 11:13:56 UTC;2024-11-25 11:13:56 UTC;;"";2;https://nightly.decidim.org/assemblies/nursery-thirsty;31;NIGHT-DEBA-2025-01-20;0;0;https://nightly.decidim.org/assemblies/nursery-thirsty/f/31/debates/20;;true;;;2025-01-29 11:13:56 UTC;2025-01-29 11:13:56 UTC;24;;;;;;
21;1;Nightly Decidim;https://nightly.decidim.org/;Cumque a.;Et dolore.;Velit voluptatum.;<p>Eveniet odio molestiae. Ab et tempora. Id qui fugiat.</p>;<p>Ea quia rerum. Et corrupti quos. Ut quo et.</p>;<p>Est quia non. Tempore voluptatem vitae. Velit aut odio.</p>;<p>Dolores necessitatibus eligendi. Atque nobis tempore. Aliquid incidunt rerum.</p>;<p>Odit et aliquam. Voluptatibus aut eveniet. Itaque voluptates iure.</p>;<p>Expedita reiciendis qui. Quo minima et. Iure quod rem.</p>;;;;"";2;https://nightly.decidim.org/assemblies/nursery-thirsty;31;NIGHT-DEBA-2025-01-21;2;0;https://nightly.decidim.org/assemblies/nursery-thirsty/f/31/debates/21;2025-01-29 11:13:57 UTC;true;;;2025-01-29 11:13:56 UTC;2025-01-29 11:13:57 UTC;45;439;Alexis Howell;https://nightly.decidim.org/profiles/ivette-1325;;;
22;1;Nightly Decidim;https://nightly.decidim.org/;Sit est.;Suscipit sed.;Ad dolor.;<p>Recusandae commodi iusto. Dolor voluptatem sunt. Vero pariatur sint.</p>;<p>Porro debitis in. Tempore et porro. Eum voluptatibus dolor.</p>;<p>Atque expedita quis. Aut dicta sed. Omnis nisi natus.</p>;<p>Unde ut perferendis. Et natus rerum. Molestiae debitis ea.</p>;<p>Laudantium laboriosam voluptatum. Iusto ullam ut. Sed sit hic.</p>;<p>Quis culpa velit. Qui praesentium eum. Veniam et eveniet.</p>;2025-03-19 11:13:57 UTC;2025-03-23 11:13:57 UTC;;"";2;https://nightly.decidim.org/assemblies/nursery-thirsty;31;NIGHT-DEBA-2025-01-22;0;0;https://nightly.decidim.org/assemblies/nursery-thirsty/f/31/debates/22;;true;;;2025-01-29 11:13:57 UTC;2025-01-29 11:13:57 UTC;7;;;;;;
23;1;Nightly Decidim;https://nightly.decidim.org/;Libero harum.;Omnis nam.;In cumque.;<p>Voluptate culpa eum. Eos quaerat placeat. Aut quis dolorem.</p>;<p>Corporis et amet. Quaerat a sunt. Earum laborum et.</p>;<p>Adipisci earum voluptate. Et tempora quod. Enim sit debitis.</p>;<p>Maiores ut dolorum. Mollitia et incidunt. Adipisci quam laboriosam.</p>;<p>Aut amet veritatis. Pariatur accusantium nam. Culpa molestiae et.</p>;<p>Itaque assumenda consequuntur. Iusto non voluptatem. Dicta in et.</p>;2024-09-11 11:13:57 UTC;2024-09-11 15:13:57 UTC;;"";2;https://nightly.decidim.org/assemblies/nursery-thirsty;31;NIGHT-DEBA-2025-01-23;0;0;https://nightly.decidim.org/assemblies/nursery-thirsty/f/31/debates/23;;true;;2025-01-29 11:13:57 UTC;2025-01-29 11:13:57 UTC;2025-01-29 11:13:57 UTC;44;;;;<p>Voluptatem porro illo. Sed facere in. Debitis iste ut.</p>;<p>Velit rerum dolor. Aliquam et ratione. Animi consequatur exercitationem.</p>;<p>Tempore est et. Est provident velit. Est debitis expedita.</p>
24;2;Kristofer Mitchell;https://nightly.decidim.org/profiles/gabriel_kemmer-7839;Cum temporibus.;Odio eos.;Et suscipit.;<p>Corrupti omnis aliquid. Nulla enim eum. Repellendus suscipit quod.</p>;<p>Sint aut omnis. Repudiandae praesentium perferendis. Autem quo dolorem.</p>;<p>Tenetur expedita ut. Consequatur numquam quidem. Voluptas vel assumenda.</p>;<p>Et sed beatae. Officiis sed qui. Sit eius praesentium.</p>;<p>Illum atque nemo. Ea voluptas accusamus. Magni ut sed.</p>;<p>Et culpa reprehenderit. Tenetur reiciendis suscipit. Sint quia voluptatem.</p>;;;;"";2;https://nightly.decidim.org/assemblies/nursery-thirsty;31;NIGHT-DEBA-2025-01-24;0;0;https://nightly.decidim.org/assemblies/nursery-thirsty/f/31/debates/24;;true;;;2025-01-29 11:13:57 UTC;2025-01-29 11:13:57 UTC;29;;;;;;
25;1;Nightly Decidim;https://nightly.decidim.org/;Est totam.;Minus aperiam.;Labore quos.;<p>Autem vero ea. Veniam qui assumenda. Autem reprehenderit officia.</p>;<p>Earum exercitationem inventore. Velit accusantium sit. Quaerat voluptatem alias.</p>;<p>Omnis porro sequi. Sint non et. Nostrum est perferendis.</p>;<p>Amet eaque a. A vitae tempora. Deleniti ut saepe.</p>;<p>Et asperiores voluptas. Repellendus quia ut. Incidunt nihil voluptatem.</p>;<p>Ipsa deleniti blanditiis. Deserunt cum deleniti. Maiores qui aut.</p>;2025-01-01 11:15:25 UTC;2025-01-01 15:15:25 UTC;;"";3;https://nightly.decidim.org/assemblies/rung-academy;40;NIGHT-DEBA-2025-01-25;0;0;https://nightly.decidim.org/assemblies/rung-academy/f/40/debates/25;;true;;;2025-01-29 11:15:25 UTC;2025-01-29 11:15:25 UTC;42;;;;;;
26;1;Nightly Decidim;https://nightly.decidim.org/;Non dolores.;Aperiam amet.;Possimus numquam.;<p>Pariatur ad quod. Distinctio quia voluptatem. Veniam aliquid libero.</p>;<p>Beatae ut quia. Ex ratione aut. Doloremque distinctio accusantium.</p>;<p>Consequatur et qui. Voluptatem corrupti quia. Debitis doloremque tempora.</p>;<p>Architecto repellat autem. Distinctio quaerat rerum. Omnis perspiciatis quisquam.</p>;<p>Modi voluptates ratione. Recusandae et ad. Dignissimos mollitia autem.</p>;<p>Id iste provident. Numquam voluptas explicabo. Excepturi et rerum.</p>;2025-04-30 11:15:25 UTC;2025-04-30 15:15:25 UTC;;"";3;https://nightly.decidim.org/assemblies/rung-academy;40;NIGHT-DEBA-2025-01-26;0;0;https://nightly.decidim.org/assemblies/rung-academy/f/40/debates/26;;true;;;2025-01-29 11:15:25 UTC;2025-01-29 11:15:25 UTC;39;;;;;;
27;1;Nightly Decidim;https://nightly.decidim.org/;Molestias ut.;Et porro.;Ea repellendus.;<p>Est et at. Ea in sunt. Animi molestiae hic.</p>;<p>Ipsum voluptas qui. Eius repellat unde. Unde deleniti quod.</p>;<p>Sunt ducimus tenetur. Ea consectetur similique. Laboriosam recusandae aut.</p>;<p>Voluptatem quia rerum. Alias accusamus magni. Nisi repellat sint.</p>;<p>Dicta consectetur itaque. Ut molestiae qui. Sapiente non maxime.</p>;<p>Delectus modi enim. A quia nam. Fuga aut veniam.</p>;;;;"";3;https://nightly.decidim.org/assemblies/rung-academy;40;NIGHT-DEBA-2025-01-27;5;0;https://nightly.decidim.org/assemblies/rung-academy/f/40/debates/27;2025-01-29 11:15:26 UTC;true;;;2025-01-29 11:15:26 UTC;2025-01-29 11:15:26 UTC;39;738;Ira Pollich;https://nightly.decidim.org/profiles/morton-8300;;;
28;1;Nightly Decidim;https://nightly.decidim.org/;Sunt atque.;Ut et.;Mollitia id.;<p>Totam rerum et. Est harum asperiores. Voluptas illum eos.</p>;<p>Ut sit dolorum. Eaque qui dolorem. Eum dicta ut.</p>;<p>Aut voluptas est. Maxime est repellendus. Minus provident perspiciatis.</p>;<p>Enim voluptatibus et. Alias dicta dolores. Autem et sed.</p>;<p>Corrupti voluptas ut. Rerum cumque necessitatibus. Molestiae deleniti laboriosam.</p>;<p>Doloremque amet tempore. Repudiandae non aliquid. Nostrum occaecati rerum.</p>;2025-03-12 11:15:26 UTC;2025-03-13 11:15:26 UTC;;"";3;https://nightly.decidim.org/assemblies/rung-academy;40;NIGHT-DEBA-2025-01-28;0;0;https://nightly.decidim.org/assemblies/rung-academy/f/40/debates/28;;true;;;2025-01-29 11:15:26 UTC;2025-01-29 11:15:26 UTC;2;;;;;;
29;1;Nightly Decidim;https://nightly.decidim.org/;Rerum tempora.;Ut et.;Molestias aliquam.;<p>Quas est qui. Molestiae eos ducimus. Dolorem consequatur quis.</p>;<p>In molestiae amet. Rem sit saepe. Nostrum repudiandae sed.</p>;<p>Inventore nemo non. Saepe dignissimos itaque. Unde id eveniet.</p>;<p>Iure dignissimos harum. Non laboriosam sit. Mollitia provident eius.</p>;<p>Molestiae libero laborum. Consequatur quas veritatis. Culpa fugiat qui.</p>;<p>Quae tenetur maiores. Et corporis qui. Vel similique et.</p>;2024-11-20 11:15:26 UTC;2024-11-20 15:15:26 UTC;;"";3;https://nightly.decidim.org/assemblies/rung-academy;40;NIGHT-DEBA-2025-01-29;0;0;https://nightly.decidim.org/assemblies/rung-academy/f/40/debates/29;;true;;2025-01-29 11:15:26 UTC;2025-01-29 11:15:26 UTC;2025-01-29 11:15:26 UTC;2;;;;<p>Vel sunt nostrum. Fuga dolore architecto. Nihil nostrum eius.</p>;<p>Tempora ut quo. Et autem et. Et inventore et.</p>;<p>Dolorem tempora eos. Aut ipsum sint. Soluta vitae temporibus.</p>
30;2;Kristofer Mitchell;https://nightly.decidim.org/profiles/gabriel_kemmer-7839;Labore exercitationem.;Quo est.;Quidem dolores.;<p>Nisi quia sed. Cupiditate fugiat magni. Ut doloremque quas.</p>;<p>Odit qui facilis. Expedita dolores sit. Fugiat ipsum aliquid.</p>;<p>Dolorem in libero. Voluptas similique et. Aut optio ut.</p>;<p>Facere harum et. Minus nemo impedit. Nam quo consectetur.</p>;<p>Nobis alias quo. Quidem saepe corporis. Dolorem ea minima.</p>;<p>Tempora et nemo. Expedita quo quae. Est architecto et.</p>;;;;"";3;https://nightly.decidim.org/assemblies/rung-academy;40;NIGHT-DEBA-2025-01-30;0;0;https://nightly.decidim.org/assemblies/rung-academy/f/40/debates/30;;true;;;2025-01-29 11:15:26 UTC;2025-01-29 11:15:26 UTC;5;;;;;;
31;1;Nightly Decidim;https://nightly.decidim.org/;Nesciunt eum.;A rerum.;Beatae quasi.;<p>Sed voluptas perferendis. Magni sit fugit. Ut nostrum odit.</p>;<p>Consequatur sit voluptatem. Vitae ullam pariatur. Neque ut nihil.</p>;<p>Necessitatibus voluptatem fugiat. Id maiores quis. Nisi cupiditate voluptates.</p>;<p>Quo debitis doloribus. Non sint fugit. Voluptatem aliquid incidunt.</p>;<p>Itaque et ducimus. Provident hic cupiditate. Et eaque asperiores.</p>;<p>Doloremque illum rerum. Totam illum voluptate. Quia dignissimos similique.</p>;2025-06-18 11:17:18 UTC;2025-06-18 14:17:18 UTC;;"";4;https://nightly.decidim.org/assemblies/cruelty-rung;49;NIGHT-DEBA-2025-01-31;0;0;https://nightly.decidim.org/assemblies/cruelty-rung/f/49/debates/31;;true;;;2025-01-29 11:17:18 UTC;2025-01-29 11:17:18 UTC;20;;;;;;
32;1;Nightly Decidim;https://nightly.decidim.org/;Quia aut.;Consectetur voluptas.;Ut a.;<p>Ipsa blanditiis iusto. Nemo ut eligendi. Nemo tempore repellendus.</p>;<p>Voluptatem suscipit deserunt. Amet aliquid fugiat. Ipsam aut quaerat.</p>;<p>Fugiat libero neque. Inventore dolor consectetur. Laborum dicta saepe.</p>;<p>Ut cum maxime. Alias odit ipsam. Facilis voluptatem optio.</p>;<p>Eius esse repudiandae. Autem sit recusandae. Quidem id sint.</p>;<p>Sit nobis est. Architecto illo ducimus. Qui debitis vel.</p>;2025-05-21 11:17:18 UTC;2025-06-05 11:17:18 UTC;;"";4;https://nightly.decidim.org/assemblies/cruelty-rung;49;NIGHT-DEBA-2025-01-32;0;0;https://nightly.decidim.org/assemblies/cruelty-rung/f/49/debates/32;;true;;;2025-01-29 11:17:18 UTC;2025-01-29 11:17:18 UTC;20;;;;;;
33;1;Nightly Decidim;https://nightly.decidim.org/;Ut temporibus.;Sint nulla.;Est ea.;<p>Sed reiciendis cum. Ut qui non. Cumque voluptas ducimus.</p>;<p>Voluptatem aut quo. Temporibus et ut. Aliquam accusamus repellendus.</p>;<p>Sequi aut qui. Natus quia ad. Molestiae dolorum similique.</p>;<p>Sed consequuntur quisquam. Est sint deserunt. Accusantium consequatur sunt.</p>;<p>Et soluta nihil. Id quo vel. Ab et optio.</p>;<p>Dolores accusantium corrupti. Molestiae eum sunt. Quasi nihil modi.</p>;;;;"";4;https://nightly.decidim.org/assemblies/cruelty-rung;49;NIGHT-DEBA-2025-01-33;4;0;https://nightly.decidim.org/assemblies/cruelty-rung/f/49/debates/33;2025-01-29 11:17:19 UTC;true;;;2025-01-29 11:17:18 UTC;2025-01-29 11:17:21 UTC;5;313;Mr. Gayla Walter;https://nightly.decidim.org/profiles/lane-4306;;;
34;1;Nightly Decidim;https://nightly.decidim.org/;Maxime eius.;Sunt quod.;Tenetur pariatur.;<p>Alias laborum et. Rerum asperiores magnam. Sunt sint libero.</p>;<p>Adipisci nihil enim. Ex consequatur doloremque. Recusandae possimus magni.</p>;<p>Iure ipsam sunt. Deserunt reiciendis et. Et et quo.</p>;<p>Odit et unde. Voluptatem quod iusto. Et similique soluta.</p>;<p>Tenetur accusantium consequuntur. Doloribus impedit repellat. Quia asperiores dolor.</p>;<p>Nihil doloribus occaecati. Impedit atque nihil. Vero et eligendi.</p>;2025-04-09 11:17:21 UTC;2025-04-09 13:17:21 UTC;;"";4;https://nightly.decidim.org/assemblies/cruelty-rung;49;NIGHT-DEBA-2025-01-34;0;0;https://nightly.decidim.org/assemblies/cruelty-rung/f/49/debates/34;;true;;;2025-01-29 11:17:21 UTC;2025-01-29 11:17:21 UTC;38;;;;;;
35;1;Nightly Decidim;https://nightly.decidim.org/;Alias aut.;Voluptatem omnis.;Fugiat sit.;<p>Molestiae ipsam doloremque. Nostrum sit repudiandae. Ea nihil molestiae.</p>;<p>Perferendis corrupti consequatur. Repellat ut et. Amet officia quia.</p>;<p>Vel incidunt sequi. Dolore consequatur quia. Aut ab in.</p>;<p>Accusantium nisi facere. Iusto commodi nobis. Animi laboriosam quos.</p>;<p>Magnam odit ex. Et alias soluta. Quae quis omnis.</p>;<p>Architecto a velit. Dolores consectetur ad. Dolor enim eligendi.</p>;2025-05-14 11:17:21 UTC;2025-05-24 11:17:21 UTC;;"";4;https://nightly.decidim.org/assemblies/cruelty-rung;49;NIGHT-DEBA-2025-01-35;0;0;https://nightly.decidim.org/assemblies/cruelty-rung/f/49/debates/35;;true;;2025-01-29 11:17:21 UTC;2025-01-29 11:17:21 UTC;2025-01-29 11:17:21 UTC;41;;;;<p>Nam porro adipisci. Ut ipsa quod. Voluptatum occaecati enim.</p>;<p>Consequatur et quam. Aut incidunt quos. Dignissimos nobis dolorem.</p>;<p>Sit porro consequuntur. Sit omnis provident. Hic adipisci ipsum.</p>
36;2;Kristofer Mitchell;https://nightly.decidim.org/profiles/gabriel_kemmer-7839;Voluptas inventore.;Nihil et.;Perspiciatis maiores.;<p>Error reiciendis sed. Asperiores consequatur laudantium. Fuga libero nemo.</p>;<p>Facilis blanditiis mollitia. Accusamus voluptates magnam. Nostrum quia veritatis.</p>;<p>Quo ullam consequatur. Maiores modi id. Vero et sed.</p>;<p>Eum nulla accusantium. Quis dolorum id. Recusandae odit labore.</p>;<p>Sit non atque. Voluptatum asperiores vero. Nostrum a nemo.</p>;<p>Et eligendi nam. Hic ipsa sunt. Eum sint quae.</p>;;;;"";4;https://nightly.decidim.org/assemblies/cruelty-rung;49;NIGHT-DEBA-2025-01-36;0;0;https://nightly.decidim.org/assemblies/cruelty-rung/f/49/debates/36;;true;;;2025-01-29 11:17:21 UTC;2025-01-29 11:17:21 UTC;15;;;;;;
37;1;Nightly Decidim;https://nightly.decidim.org/;Exercitationem voluptates.;Totam autem.;Nostrum labore.;<p>Qui illo in. Eum optio non. Consequatur aut qui.</p>;<p>Maiores a possimus. Totam architecto dolorem. Qui exercitationem nemo.</p>;<p>Magni accusamus laboriosam. Esse beatae amet. Sed ad est.</p>;<p>Numquam incidunt dicta. Atque sint et. Aliquam quod velit.</p>;<p>Voluptas voluptatibus tempore. Nam suscipit corporis. Nemo doloremque illum.</p>;<p>Sint ut tenetur. In harum nemo. Et quis perspiciatis.</p>;2025-02-19 11:19:20 UTC;2025-02-19 12:19:20 UTC;;"";1;https://nightly.decidim.org/conferences/rung-smile;58;NIGHT-DEBA-2025-01-37;0;0;https://nightly.decidim.org/conferences/rung-smile/f/58/debates/37;;true;;;2025-01-29 11:19:20 UTC;2025-01-29 11:19:20 UTC;15;;;;;;
38;1;Nightly Decidim;https://nightly.decidim.org/;Quis aut.;Minus dolorum.;Sequi et.;<p>Voluptas eveniet ex. Voluptatem eligendi debitis. Facere omnis necessitatibus.</p>;<p>Rerum molestiae aliquam. Sed esse molestiae. Maiores est minus.</p>;<p>Suscipit nihil eligendi. Iste a perspiciatis. Quaerat eum laborum.</p>;<p>Numquam illum sed. Nihil ipsum eum. Doloribus aut doloremque.</p>;<p>Culpa itaque suscipit. Neque error vitae. Officia aspernatur iusto.</p>;<p>Corrupti voluptatum non. Quod magni nisi. Autem magnam rerum.</p>;2024-11-13 11:19:20 UTC;2024-11-13 12:19:20 UTC;;"";1;https://nightly.decidim.org/conferences/rung-smile;58;NIGHT-DEBA-2025-01-38;0;0;https://nightly.decidim.org/conferences/rung-smile/f/58/debates/38;;true;;;2025-01-29 11:19:20 UTC;2025-01-29 11:19:20 UTC;8;;;;;;
39;1;Nightly Decidim;https://nightly.decidim.org/;Deleniti dolores.;Odio qui.;Aut adipisci.;<p>Vero odio recusandae. Quis expedita modi. Possimus cumque et.</p>;<p>Dignissimos ex nam. Et officiis adipisci. Atque autem est.</p>;<p>Facere aut nostrum. Voluptas praesentium iusto. Soluta sint placeat.</p>;<p>Error non est. Quas in facere. Quia occaecati in.</p>;<p>Id minima cumque. Et minima omnis. Ipsa et quia.</p>;<p>Et voluptate non. Eveniet et voluptatem. Mollitia fugiat magnam.</p>;;;;"";1;https://nightly.decidim.org/conferences/rung-smile;58;NIGHT-DEBA-2025-01-39;0;0;https://nightly.decidim.org/conferences/rung-smile/f/58/debates/39;;true;;;2025-01-29 11:19:20 UTC;2025-01-29 11:19:20 UTC;49;;;;;;
40;1;Nightly Decidim;https://nightly.decidim.org/;Culpa ipsam.;Vitae nobis.;Dolorem quidem.;<p>Libero et aut. Est illum placeat. Veniam saepe consequuntur.</p>;<p>Quod nesciunt quia. Quos numquam asperiores. Quo nobis ut.</p>;<p>Repudiandae rerum non. Minima quis delectus. Voluptas magnam nihil.</p>;<p>Facilis qui suscipit. Velit harum quis. Reiciendis voluptatum quibusdam.</p>;<p>Rem deleniti sed. Vel saepe error. Expedita provident nulla.</p>;<p>Dolores est et. Voluptatem eum neque. Ut est commodi.</p>;2025-06-04 11:19:20 UTC;2025-06-04 14:19:20 UTC;;"";1;https://nightly.decidim.org/conferences/rung-smile;58;NIGHT-DEBA-2025-01-40;0;0;https://nightly.decidim.org/conferences/rung-smile/f/58/debates/40;;true;;;2025-01-29 11:19:20 UTC;2025-01-29 11:19:20 UTC;49;;;;;;
41;1;Nightly Decidim;https://nightly.decidim.org/;Sed explicabo.;Aut quibusdam.;Accusantium omnis.;<p>Labore eum in. Nisi esse voluptates. Illo aspernatur aliquid.</p>;<p>Aut quod occaecati. Unde excepturi ut. Enim vel quia.</p>;<p>Voluptate nesciunt ut. Omnis expedita velit. Reiciendis nisi culpa.</p>;<p>Eaque omnis odit. Et aspernatur voluptates. Fugit ea rerum.</p>;<p>Debitis quos cumque. Voluptate aut animi. Sed suscipit laudantium.</p>;<p>Rem voluptates vel. Sit enim cum. Soluta et voluptas.</p>;2024-10-23 11:19:20 UTC;2024-10-26 11:19:20 UTC;;"";1;https://nightly.decidim.org/conferences/rung-smile;58;NIGHT-DEBA-2025-01-41;0;0;https://nightly.decidim.org/conferences/rung-smile/f/58/debates/41;;true;;2025-01-29 11:19:20 UTC;2025-01-29 11:19:20 UTC;2025-01-29 11:19:20 UTC;43;;;;<p>Unde laboriosam delectus. Molestiae dolores ut. Cum sint laborum.</p>;<p>Ut unde rerum. Quam voluptatum perferendis. Sit aperiam ad.</p>;<p>Dolore quas ducimus. Saepe minima similique. Unde porro sequi.</p>
42;2;Kristofer Mitchell;https://nightly.decidim.org/profiles/gabriel_kemmer-7839;Dolorum nemo.;Enim fugiat.;Nihil recusandae.;<p>Mollitia sapiente libero. Non provident cum. Consequatur eos odio.</p>;<p>Labore et velit. Modi explicabo assumenda. Temporibus inventore et.</p>;<p>Animi esse voluptatum. Et commodi quidem. Et harum ad.</p>;<p>Magnam qui recusandae. Eaque praesentium aliquid. Maxime eum atque.</p>;<p>Quia possimus odit. Quia consequatur nesciunt. Reiciendis atque minus.</p>;<p>Ut doloremque nobis. Magnam sunt quae. Quod quisquam voluptatum.</p>;;;;"";1;https://nightly.decidim.org/conferences/rung-smile;58;NIGHT-DEBA-2025-01-42;0;0;https://nightly.decidim.org/conferences/rung-smile/f/58/debates/42;;true;;;2025-01-29 11:19:20 UTC;2025-01-29 11:19:20 UTC;22;;;;;;
43;1;Nightly Decidim;https://nightly.decidim.org/;Iure deserunt.;Vitae et.;Illo quidem.;<p>Ut alias provident. Quis harum aut. Consequatur et iusto.</p>;<p>Suscipit aspernatur commodi. Doloribus soluta sed. Omnis rem quibusdam.</p>;<p>Ut dolores saepe. Repudiandae minima earum. Aut ut aspernatur.</p>;<p>Delectus quam laboriosam. Repudiandae fugit quo. Expedita molestias quia.</p>;<p>Et aut facilis. Consequatur qui aut. Nulla est aut.</p>;<p>Eum quia corrupti. Facilis ea blanditiis. Ut eum laborum.</p>;2025-04-02 11:21:16 UTC;2025-04-02 15:21:16 UTC;;"";2;https://nightly.decidim.org/conferences/turkey-defend;67;NIGHT-DEBA-2025-01-43;0;0;https://nightly.decidim.org/conferences/turkey-defend/f/67/debates/43;;true;;;2025-01-29 11:21:16 UTC;2025-01-29 11:21:16 UTC;28;;;;;;
44;1;Nightly Decidim;https://nightly.decidim.org/;Praesentium omnis.;Laboriosam corrupti.;Laborum nihil.;<p>Eveniet fugit at. Facere reprehenderit porro. Molestias aut beatae.</p>;<p>Laudantium necessitatibus et. Eaque rerum excepturi. Quo animi laudantium.</p>;<p>Quo omnis culpa. Aut dolor et. Temporibus modi vero.</p>;<p>Tenetur error quibusdam. Provident mollitia saepe. Aut dignissimos itaque.</p>;<p>In aspernatur ut. Tempore sunt sed. Officia quo sint.</p>;<p>Rerum dolor commodi. Necessitatibus maiores molestiae. Assumenda temporibus hic.</p>;2024-12-04 11:21:17 UTC;2024-12-18 11:21:17 UTC;;"";2;https://nightly.decidim.org/conferences/turkey-defend;67;NIGHT-DEBA-2025-01-44;0;0;https://nightly.decidim.org/conferences/turkey-defend/f/67/debates/44;;true;;;2025-01-29 11:21:17 UTC;2025-01-29 11:21:17 UTC;18;;;;;;
45;1;Nightly Decidim;https://nightly.decidim.org/;Velit impedit.;Reprehenderit laudantium.;Quaerat culpa.;<p>Molestiae autem debitis. Impedit commodi possimus. Expedita laborum voluptate.</p>;<p>Earum qui dolor. Veritatis quo numquam. Quaerat accusamus eos.</p>;<p>Dignissimos voluptatem non. Et rerum dignissimos. Necessitatibus perferendis et.</p>;<p>Corporis tempora qui. At et eum. Dolor excepturi quidem.</p>;<p>Velit voluptas cum. Doloribus eos dolores. Incidunt nisi ipsa.</p>;<p>Non assumenda ipsum. Numquam provident illo. Sit a repudiandae.</p>;;;;"";2;https://nightly.decidim.org/conferences/turkey-defend;67;NIGHT-DEBA-2025-01-45;8;0;https://nightly.decidim.org/conferences/turkey-defend/f/67/debates/45;2025-01-29 11:21:20 UTC;true;;;2025-01-29 11:21:17 UTC;2025-01-29 11:21:20 UTC;23;341;Andreas Bashirian;https://nightly.decidim.org/profiles/reuben_bednar-906;;;
46;1;Nightly Decidim;https://nightly.decidim.org/;Illum facere.;Qui velit.;Quibusdam quo.;<p>Est vitae ducimus. Sunt quae voluptas. Et consequatur nobis.</p>;<p>Et debitis ut. Ipsa nihil voluptatibus. Tempora possimus cum.</p>;<p>A porro eum. Corporis libero labore. Quia incidunt dolores.</p>;<p>Natus et explicabo. Molestiae nobis blanditiis. Qui earum sed.</p>;<p>Enim consectetur voluptates. Sapiente praesentium perspiciatis. Quaerat vero adipisci.</p>;<p>Laudantium rem neque. Perspiciatis voluptatem velit. Laboriosam dolorem ea.</p>;2024-12-25 11:21:20 UTC;2024-12-25 15:21:20 UTC;;"";2;https://nightly.decidim.org/conferences/turkey-defend;67;NIGHT-DEBA-2025-01-46;0;0;https://nightly.decidim.org/conferences/turkey-defend/f/67/debates/46;;true;;;2025-01-29 11:21:20 UTC;2025-01-29 11:21:20 UTC;20;;;;;;
47;1;Nightly Decidim;https://nightly.decidim.org/;Et voluptatum.;Quas culpa.;Ducimus veniam.;<p>Voluptatum autem eligendi. Quo est consequatur. Consequuntur eligendi voluptas.</p>;<p>At officiis consequatur. Iure quo autem. Quo incidunt eos.</p>;<p>Labore voluptatem ad. Enim provident ex. Cum eum aliquid.</p>;<p>Vel omnis odit. Sed rem veniam. Voluptas placeat aut.</p>;<p>Ut reiciendis eveniet. Eum eum et. Praesentium quod voluptates.</p>;<p>Similique reiciendis cumque. Quaerat et autem. Voluptate quia at.</p>;2025-04-09 11:21:20 UTC;2025-04-09 15:21:20 UTC;;"";2;https://nightly.decidim.org/conferences/turkey-defend;67;NIGHT-DEBA-2025-01-47;0;0;https://nightly.decidim.org/conferences/turkey-defend/f/67/debates/47;;true;;2025-01-29 11:21:20 UTC;2025-01-29 11:21:20 UTC;2025-01-29 11:21:20 UTC;17;;;;<p>Rem repellat cupiditate. Inventore quas voluptate. Molestiae omnis voluptas.</p>;<p>Vitae nihil debitis. Veniam occaecati aperiam. Minus fuga aut.</p>;<p>Voluptatibus nisi labore. Animi incidunt soluta. Quaerat cum iste.</p>
48;2;Kristofer Mitchell;https://nightly.decidim.org/profiles/gabriel_kemmer-7839;Possimus praesentium.;Odio id.;Delectus atque.;<p>Rerum aut temporibus. Vel quam assumenda. Cupiditate et aut.</p>;<p>Aut itaque totam. Mollitia ut accusantium. Facere enim alias.</p>;<p>Omnis quae labore. Minima tenetur molestiae. Ex doloremque fugiat.</p>;<p>Nobis exercitationem deserunt. Dignissimos ut eos. Commodi quasi eum.</p>;<p>Ratione numquam dignissimos. Occaecati itaque doloribus. Enim consequuntur facere.</p>;<p>Quidem quia exercitationem. Et tempore vero. Odit voluptas eius.</p>;;;;"";2;https://nightly.decidim.org/conferences/turkey-defend;67;NIGHT-DEBA-2025-01-48;0;0;https://nightly.decidim.org/conferences/turkey-defend/f/67/debates/48;;true;;;2025-01-29 11:21:20 UTC;2025-01-29 11:21:20 UTC;19;;;;;;
