Début date;2020-04-22;;;
Fin date;2020-04-30;;;
Total abonnés;343;;;
Total propositions;421;;;
---;---;---;---;
;;Proposition;Votes;Themes
;;Nous devrions équiper les élèves avec un ordinateur portable pour éviter les inégalités de l'école à la maison. Et former les professeurs à donner des cours en ligne avec les outils adéquats.;19;Éducation
;;Nous devrions revaloriser les professions essentielles à la société en dégelant les grilles salariales de la fonction publique hospitalière;42;Santé
;;Nous devrions développer les cellules de soutien pour les personnes isolées (personnes âgées, sdf,...);23;Société et vivre ensemble
;;J'ai une idée ! Favoriser la vie de quartier entre les voisins proches et les commerçants alentours;14;Société et vivre ensemble
;;J'ai une idée ! Investir les personnes du « middle age » (50-70 ans) pour les occuper auprès des populations qui en ont besoin (personnes âgées & enfants - école, etc.);12;Société et vivre ensemble
;;Comment pourrions-nous communiquer plus et faire prendre des actions concrètes aux gouvernements pour l’environnement aux vues des résultats spectaculaires dû au confinement ?;18;Environnement et développement durable
;;J'ai une idée ! Favoriser une économie super locale et circulaire au sein des circuits de productions et de consommation  alimentaires avec des prix préférentiels pour les acteurs régionaux (agriculteurs, ateliers de transformation alimentaire, magasins  de proximité);43;Environnement et développement durable
;;Nous avons besoin d'une agriculture  plus autonome en termes d'intrants organiques (charger les communes des compétences de collecte, compostage et redistribution des déchets alimentaires), et ainsi réduire  l'import de fertilisant et diminuer d'1/3 les ordures des ménages;33;Environnement et développement durable
;;Nous avons besoin d'être consultés et associés pour prendre des décisions plus démocratiques.;19;Société et vivre ensemble
;;Je voudrais un LeBonCoin des solidarités.;13;Société et vivre ensemble
;;Comment pourrions-nous imposer un premier niveau de mobilisation solidaire sans mesures liberticides ?;5;Société et vivre ensemble
;;J'ai une idée ! les mairies pourraient elles mettre en place et officialiser certaines actions solidaires;16;Société et vivre ensemble,Éducation
;;Comment pourrions-nous Suggérer et surtout mettre en place vite les  idées de solidarité;6;Société et vivre ensemble,Éducation
;;J'ai une idée ! Aider les enfants qui n ont pas ou peu d accès à internet et se substituer aux parents;7;Éducation
;;Nous avons besoin Nous voulons des informations claires sur le de confinement de nos seniors et pouvoir les aider dans cette etape;6;Santé
;;J'ai une idée ! Relocaliser certaines lignes de production industrielles, qui peuvent se révéler essentielle en période de crise;32;Économie
;;J'ai une idée ! Créer la Déclaration des Devoirs de l’Homme , une charte du bon sens qui listerait des comportements intelligents et responsables permettant une meilleure cohabitation entre les Hommes et une meilleure façon d’habiter notre Terre.;24;Environnement et développement durable,Société et vivre ensemble
;;Ich habe eine Idee! Faire en sorte que l'Etat devienne  actionnaire des entreprises auxquelles il fait des prêts actuellement (et donc puisse recevoir des dividendes une fois que ces entreprises seront positives financièrement );15;Économie
;;J'ai une idée ! Faire des petites bibliothèques de villages de vrais lieux d'échanges communautaires et solidaires. Avec comme objectif d'apporter une culture écologique facile à mettre en place au sein du village ainsi qu'un brainstorming pour réfléchir à d'autres théme;16;Culture, sport et loisirs
;;I have an idea ! Constituer un annuaire des commerces indépendants de son quartier et ayant une démarche locale et respectueuse de l'environnement  pour encourager l' économie locale et durable;22;Environnement et développement durable
;;J'ai une idée ! Dans les zones industrielles et d'activités et pour toutes autres constructions, éviter de bétonner le sol mais préférer le gravier pour laisser s'infiltrer la pluie et ainsi éviter les inondations, faire des toits végétaux et récupérer l'eau de pluie;44;Environnement et développement durable
;;J'ai une idée ! Garantir que chaque industrie ait la possibilité de trouver un fournisseur français en 1. Aidant les entreprises à relocaliser leur production ou 2. Soutenir des entrepreneurs pour recréer ces maillons de la chaîne de valeur manquants;22;Économie
;;J'ai une idée ! Equilibrer la balance écologique des transports en taxant davantage les transports les plus polluants, afin de privilégier les modes de transport avec l'empreinte écologique la plus faible.;43;Économie
;;We should instaurer un revenu citoyen inconditionnel qui serve de socle de protection sociale et qui soit à la fois un droit social minimum inscrit dans la constitution et un revenu découplé de l'emploi.;26;Économie
;;"We should Partager le temps de travail : Passer au 32h  et favoriser la semaine de 4 jours à la carte,
Avec maintient du salaire et 10% d'embauches en CDI";20;Économie
;;Nous avons besoin de replacer l'humain au coeur des décisions;16;Société et vivre ensemble
;;Je voudrais Tirer des bonnes leçon de cette crise sanitaire et profiter de son impact environnemental pour à notre tour agir pour l’écologie;20;Environnement et développement durable
;;Nous avons besoin de pistes cyclables dignes de ce nom partout dans la ville ainsi que des parkings à vélos;44;Transports et Mobilité
;;Nous devrions transformer nos centre-villes en végétalisant,  bannir la voiture individuelle, repenser la mobilité urbaine commune et renforcer les échanges de proximité.;46;Transports et Mobilité
;;Nous devrions renforcer les échanges entre producteurs locaux et consommateurs. Favoriser l'agriculture, urbaine, péri-urbaine et bien-sûr biologique;37;Environnement et développement durable
;;"Nous avons besoin de consommer mieux et moins. Valoriser le travail essentiel des métiers ""principaux"" (soins, éducation, alimentation, transport, déchets et revalorisation, énergies propres, etc...)";37;Économie
;;Nous avons besoin De développer à grande échelle les transports non polluants, en:;18;Transports et Mobilité
;;Nous avons besoin développant le ferroutage, les aménagements cyclables, les transports en commun;28;Transports et Mobilité
;;Nous avons besoin de relocaliser la production de produits essentiels: médicaments et matériel médical, agriculture et alimentation, textile etc.;29;Transports et Mobilité
;;Comment pourrions-nous Utiliser la carte Vitale et le DMP (dossier médical partagé) pour gérer le suivi des tests et des malades covid 19;3;Santé
;;Nous avons besoin de revaloriser (financièrement et socialement) les métiers et fonctions utiles et favorisant économie locale et lien social: aide à la personne, agriculture (biologique et locale), éducation et culture, travail sanitaire et social, artisanat au sens large;21;Société et vivre ensemble,Économie
;;Nous devrions Réorienter les aides financières et subventions vers les entreprises et initiatives locales et résiliantes (notamment dans les domaines des transport, de l'industrie et de l'agriculture);20;Environnement et développement durable,Économie
;;Nous devrions Faciliter les initiatives solidaires et les activités essentielles socialement avec un revenu universel inconditionnel;12;Société et vivre ensemble,Économie
;;Je voudrais Faciliter encore plus le développement de la vie associative;12;Société et vivre ensemble
;;Je voudrais maintenir et même développer les actions de distribution de fruits et légumes issus des circuits courts;22;Environnement et développement durable
;;Nous devrions Redévelopper dans les grandes agglomérations des halles couvertes proposant des produits locaux et zéro déchet remplaçant à 100% la consomation de grande surface. Elles pourraient intégrer la mise à disposition des paniers de producteur.;22;Économie
;;Nous devrions Former des groupes de travail de citoyens (créatif et collaboratif) dans chaque localité pour inventer notre futur commun en y incluant la résilience et notre autosuffisance;14;Société et vivre ensemble
;;J'ai une idée ! Réserver des rues entières, ou presque aux vélo. Faire un maillage de toute la ville beaucoup plus puissant pour circuler que des pistes cyclabes, passer à 30% de mobilité par le vélo;27;Transports et Mobilité
;;J'ai une idée ! Favoriser le télétravail lorsque cela est possible: ce qui permets de limiter les déplacements (gain de temps de transport et mesure écologique) et permet de faciliter l'articulation entre vie personnelle et vie professionnelle;23;Environnement et développement durable,Économie
;;Nous devrions Avoir des espaces publiques ouverts (places publique, forum), lieux de rassemblements extérieur ou chacun (et n'importe qui!) pourrait participer à des débats publics et trouver de nouvelles idées, à des horaires autres que celles de travail habituel;7;Société et vivre ensemble
;;J'ai une idée ! Développer les aires de covoiturage dans tout le territoire (nottamment dans les territoires ruraux) pour favoriser le covoiturage à l'intérieur des territoires ruraux et vers les gares TER;8;Transports et Mobilité
;;J'ai une idée ! Lutter contre les déserts médicaux, développer le systeme docariv.fr sur tout le territoire;7;Santé
;;J'ai une idée ! Augmenter les salaires des soignants du secteur hospitalier d'au moins 10% (difficile de fidéliser certains professionnels qui partent en libéral ou dans le privé où les salaires sont nettement plus attractifs);20;Santé,Économie
;;J'ai une idée ! Développer les Unités Mobiles Evaluation Gériatriques (ergothérapeutes, assistantes sociales, IDE, etc) qui se déplacent au domicile de patients âgés afin de mettre en place les aides (humaines et matérielles) utiles au maintien à domicile;13;Société et vivre ensemble,Santé
;;J'ai une idée ! Développer le nombre de places en crèches publiques. Faire garder son enfant pour travailler ne doit pas être un luxe;12;Société et vivre ensemble,Enfants et famille
;;J'ai une idée ! Favoriser les projets d'habitat intergénérationnel;20;Société et vivre ensemble,Urbanisme et aménagement
;;Nous avons besoin que les supermarchés continuent à ne vendre, en priorité, que des produits français pour soutenir durablement notre économie, l'agriculture française, les industries françaises...;8;Économie
;;Nous avons besoin D'humanisation.L'économie de marché à outrance a eu un effet boule de neige devastateur sur la santé,l'éducation, l'environnement et la sécurité. Plus de circuits courts de consommation et démarchandisation des services vitaux.;11;
;;J'ai une idée ! Il faudrait obliger les hypermachés à récupérer les déchets recyclables avec un tri plus fin que dans les poubelles à domicile. IL faudrait que les gens prennent l'habitude de ramener leurs emballages à recycler au moment où ils font leur courses.;11;Environnement et développement durable
;;I have an idea ! remettre en place les consignes pour les bouteilles;18;Environnement et développement durable
;;I have an idea ! financer la réouverture d'entreprise de produit de  1ere nécessité dans ce type de crise ( blouse, masque, gel). cf ancienne entreprise en Bretagne. Aider son financement avec les peages qui ont remboursé leurs autoroutes depuis un bail;7;Santé
;;Comment pourrions nous être prêts au dé-confinement envisagé pour le 11 mai?  Le statistiques disent que le nombre de personnes infectées est en baisse mais à date les tampons ne sont pas effectués à tous ceux qui présentent des symptômes.;1;Santé
;;peu de gens ont contracté le virus et donc il n'y a pas encore un niveau d'immunité suffisant pour être protégés  même si le dé-confinement sera   progressif en utilisant les gestes barrieres, et pour les enfants pareils.;0;Santé
;;Il faut attendre des soins et des vaccins sûrs et sans risques pour sortir au bon moment du confinement. Il faut réfléchir et  imaginer des nouveaux espaces économiques avec des différentes emplois pour redémarrer le pays.;0;Santé
;;Bâtir le futur signifie surtout comprendre que des nouvelles pandémies viendront dans les années prochaines puisque le changement climatique et l'extinction des animaux produisent que ça.;1;Santé
;;Il y a encore du travail et des études à faire avant de parler de date pour s'en sortir. Concentrons-nous tous sur les bonnes priorités.;0;Santé
;;Nous avons besoin De devenir suffisant à l'échelle européen, en matière d'énergie !;5;Environnement et développement durable
;;Je voudrais que l'état n'apporte pas des aides en entreprises qui redistribuent des dividendes à leurs actionnaires;17;Économie
;;Nous devrions imaginer de nouvelles mobilités pour de pas sombrer dans les futures crises pétrolières qui seront inéluctables !;19;Transports et Mobilité
;;Apprenons à donner une part à chacun ! Arretons de rendre les gens riches encore plus riches !;19;Société et vivre ensemble
;;Nous avons besoin de payer des gars pour taper derrière un ballon ? Moi ils ne me manquent pas;7;Culture, sport et loisirs
;;Je voudrais pouvoir travailler moins pour voir grandir mes enfants.;8;Enfants et famille
;;Nous devrions nous rendre compte de l’inutilité de la fonction publique non soignante et passer son effectif de 5 millions a 2,5 millions Que d'économie ! cette crise a bien mise en évidence le parasitisme de tous ces administratifs.;2;Économie
;;J'ai une idée ! Financer la relance économique par une taxe très lourde sur la pub §;4;Économie
;;J'ai une idée ! Arrêter le commerce des animaux sauvages;15;Environnement et développement durable
;;J'ai une idée ! Interdire les cours de la bourse sur l'eau et les ressources alimentaires;18;Environnement et développement durable
;;J'ai une idée ! Retrouver l'autonomie alimentaire de la région;16;Environnement et développement durable
;;J'ai une idée ! Ecouter les scientifiques qui proposent d'arrêter l'érosion de la biodiversité;8;Environnement et développement durable
;;J'ai une idée ! Proposer un ouais binaire pour toute la famille sur l’environnement la protection la préservation l’économie de l’eau le réchauffement climatique lee recyclage;1;Environnement et développement durable
;;We should créer une taxe sur l'ensemble des produits en fonction du nombre de kilomètres parcourus depuis leur lieu de fabricatio (qu'ils soient de première nécessité ou non). Cela aurait plusieurs objectifs : favoriser le local, écologique, relocaliser en france;25;Environnement et développement durable
;;J'ai une idée ! Re-localiser la production des médicaments afin d'éviter les ruptures de stock et la dépendance à la Chine et l'Inde.;29;Économie
;;Nous avons besoin de contrôler notre consommation d'eau et de mettre en place un vrai plan de récupération des eaux de pluie. Le rhône vient d'être déclaré en état de sécheresse. C'est la 5eme année consécutive. Il est urgent d'agir !;27;Environnement et développement durable
;;Nous devrions ne plus acheter nos fruits et légumes en grande surface et favoriser à l'échelle de chaque commune le sproducteurs locaux. Le circuit court permet de moins polluer, d'avoir des produits frais de qualité et de saison et d'assurer un revenu digne de ce nom;30;Environnement et développement durable
;;Nous avons besoin Il faut que la production de tous les matériaux se fassent en France car nous avons eu une pénurie de matériel pour les soignants, il faut que les français se remettent au travail rapidement car notre économie est déficitaire.;7;Économie
;;Promouvoir la création de petites exploitations paysannes diversifiées, biologiques voire permaculturelles, pour garantir notre indépendance alimentaire régionale, créer de l'emploi, sauvegarder les sols et la biodiversité, mieux manger et moins polluer !;24;
;;J'ai une idée ! On pourrait continuer l'entraide entre voisins, qui s'est mise en place naturellement pendant le confinement. Renouer du lien social !;10;Société et vivre ensemble
;;J'ai une idée ! On devrait obliger les banques à plus de transparence sur l'utilisation de nos épargne et les catégories de financement choisis (éthique ou non, développement durable ou non etc.);16;Économie
;;J'ai une idée ! On devrait interdire toute coupe d'arbre en ville et interdire de les ratiboiser en leur coupant toutes les branches !;3;Environnement et développement durable
;;J'ai une idée ! Le gouvernement pourrait supprimer toutes les subventions sur le transport aérien et les déplacer sur le transport ferroviaire;19;Transports et Mobilité
;;Je voudrais profiter du confinement pour que les transports aériens soient drastiquement réduits;14;Transports et Mobilité
;;J'ai une idée ! On pourrait interdire au niveau national les choses aberrantes types: chauffage des terrasses en hiver, magasins/bureaux allumés toute la nuit, publicité à outrance sur écrans... Cela permettrait de limiter un minimum d’énergie;28;Environnement et développement durable
;;J'ai une idée ! On pourrait taxer les entreprises sur leurs consommations énergétiques: le nombre de trajets en avion réalisés dans l’année, la consommation d’électricité ou d’eau... pour dissuader les excès;14;Environnement et développement durable
;;J'ai une idée ! Déplacer les subventions donnes à l’agriculture conventionnelle pour les donner à l’agriculture biologique et Perma culture et adapter les formations dans de ce domaine;21;Environnement et développement durable
;;J'ai une idée ! Il faudrait lever un impôt spécifique de solidarité pour les entreprise qui ont vu leur chiffre d'affaire exploser suite aux ventes en ligne de produits ne relevant pas de première nécessité;6;Économie
;;J'ai une idée ! Il faudrait reprendre la main sur les banques qui ne respectent pas les consignes gouvernementales;7;Économie
;;J'ai une idée ! Obliger la mise en vente d’appareils électroniques RÉPARABLES (pas seulement mettre un indice de reparabilité);23;Environnement et développement durable
;;J'ai une idée ! Arrêter le développement de la 5G;13;Environnement et développement durable
;;J'ai une idée ! Il faut impérativement lancer un programme de revalorisation des métiers des services à la personne quel qu'il soit si nous voulons créer une société plus humaine;11;Société et vivre ensemble
;;J'ai une idée ! Il faut réintroduire les leçons d'initiation à l'hygiène chez les enfants et à tous les niveaux;6;Éducation
;;J'ai une idée ! Il faut remettre en visibilité les métiers manuels;13;Éducation
;;J'ai une idée ! Il faut réintroduire les notions de cuisine et d'alimentation saine auprès des enfants dès le plus jeune âge;15;Éducation
;;J'ai une idée ! il faudrait rembourser les dépenses de médecines douces, le plus souvent moins coûteuses et très efficaces;4;Santé
;;J'ai une idée ! Intégrer des notions de naturopathie dans le parcours des médecins;5;Santé
;;Nous avons besoin Il est absolument nécessaire de maintenir la qualité des radios et chaînes publiques pour faire face aux rumeurs et aux faux prophètes. Le gouvernement est en train de réfléchir à la nouvelle contribution audio-visuelle.;13;Société et vivre ensemble
;;"J'ai une idée ! faciliter l'accès aux solutions préventives ""de terrain"" comme l'homéopathie, la naturopathie,....";5;Santé
;;Nous devrions vérifier que les petites entreprises sont vraiment aidées et moins les grandes si elles versent des dividendes alors que leurs salariés sont en chômage partiel et qu'elles investissent sans respecter nos valeurs sociales.;22;Économie
;;J'ai une idée ! Lancer des études sur les jeûnes thérapeutiques;2;Santé
;;Comment pourrions-nous modifier les circuits de décisions qui vont toujours de la société d'en haut vers celle du bas?Il faut que les instances de discussion s'ouvrent avec plus de concertation et une vraie concertation.;6;Société et vivre ensemble
;;Je voudrais qui a commandé cette consultation et qui la finance ?;1;
;;Nous avons besoin de relocaliser notre alimentation, de respecter les saisons, de complètement revoir la PAC en privilégiant les subventions pour les agriculteurs qui réduisent considérablement leur impact environnemental, d'encourager la permaculture en France;35;Environnement et développement durable
;;Nous devrions réduire le temps de travail afin de partager le travail qui se fera de plus en plus rare durant cette crise sanitaire puis économique;10;Économie
;;Nous avons besoin de valoriser financièrement et socialement les professions essentielles de notre société (santé, alimentaire, nettoyage, entretien, livraison, agriculture etc...) lors de l'orientation et de la réorientation professionnelle;23;Économie
;;Nous avons besoin de placer en priorité l'écologie d'un point de vue juridique dans chaque action, individuelle ou collective, pour éviter que des projets écocides soient menés à leur terme et engager des poursuites si nécessaire;29;Environnement et développement durable
;;Nous avons besoin de créer plus de filières locales pour notre alimentation et notre bien-être, pour encourager la consommation de produits locaux (fruits et légumes, mais aussi huiles végétales, céréales, légumineuses, plantes médicinales etc..);30;Environnement et développement durable
;;Nous avons besoin de réduire considérablement notre consommation d'énergie pour in fine réduire notre production d'énergie (que ce soit par les particuliers, les entreprises ou encore par des mesures gouvernementales, tout le monde est concerné !);16;Environnement et développement durable
;;Nous devrions valoriser le bénévolat de manière plus appuyée afin de créer du lien social, de venir en aide aux personnes démunies, de se responsabiliser, de participer à la gestion d'une commune toujours sur la base du volontariat bien sûr;13;Société et vivre ensemble
;;Nous devrions accer notre systeme de soin sur la prevention, booster notre immunité ? bien manger (des produits de saisons, bio, locaux), bien dormir ( sans pollution sonore, visuelle, energetique , bien respirer (consciemment, profondement) gerer ces emotions;9;Santé
;;Nous devrions réduire le temps de travail afin de dégager du temps pour ce qui nous plaît vraiment, pour faire plus facilement du bénévolat, pour passer plus de temps en famille, pour se réapproprier notre travail et notre temps;13;Société et vivre ensemble
;;Nous avons besoin de faciliter la réorientation et la reprise d'études suite à cette crise qui va probablement générer des remises en question notamment sur le plan professionnel;16;Éducation
;;Nous devrions solliciter la collectivité (qui est plus légitime qu'un habitant seul) à créer des espaces d'échanges autour de thématiques diverses comme le zéro déchets, ou la co-éducation;6;Société et vivre ensemble
;;"Nous devrions favoriser l'accès au logement décent pour les plus démuns (y compris les étudiants) décents : loyers accessibles et aidés, surface correcte et envorinnement ""non ghetto"".";15;Urbanisme et aménagement
;;Nous avons besoin de reconstituer le maillage des services sociaux dans les quartiers : permanences d'assistant(e)s sociaux, des PMI (protection maternelle et infantile) de planification familiale, qui sont les pare-feu aux violences et au sectarisme;21;Société et vivre ensemble
;;Nous avons besoin de reconstituer les services psychiâtrique de secteur : CMP enfants et CMP adultes avec du personnel spécialisé apte à recevoir tous les jours pour répondre aux énormes besoins des souffrances psy.;17;Santé
;;Comment pourrions-nous accueillie décemment les réfugiés : hébergement, soins, accès à notre culture, mettre à profit leurs compétences et leur culture pour améliorer leurs conditions de vie et la nötre par conséquent : échanges et partages.;23;Société et vivre ensemble
;;Je voudrais que nous retrouvions la conscience que payer des impôts est un acte civique et responsable pour rémunérer des fonctionnaires qui par leur travail garantissent l'éducation, la santé, la paix sociale pour tous.;30;Société et vivre ensemble
;;Nous avons besoin actuellement il ya des ventes directes mais en drive et dans des lieux éloignés. Pourquoi pas des regroupements de producteurs livrant tout au long de l'année els commandes personnalisées (pas des paniers generalistes) dans des magasins de proximité.;11;Économie
;;J'ai une idée ! Démarchandisation: faire que les biens communs essentiels à la vie (SSEE:Santé,Sécurité,Education,Environnemen)ne soit plus traduit sur le marché. Qu'il ne fassent plus l'objet de gains individuels et sortent  de toutes logiques de profit.;19;Économie
;;I have an idea ! Autoriser  la construction d'habitats légers respectueux de la nature sur des terrains sauvages et non-constructibles, comme au pays de Galles (maisons en matériaux locaux: bois, terre, paille...) afin de faciliter l'accès au logement;15;Urbanisme et aménagement
;;Je voudrais créer des lotissements seniors sécurisés avec les infrastructures nécessaire pour un maintien à domicile des personnes âgées non-dépendantes.;7;
;;Je voudrais qu'une Loi soit vôtée pour obliger tous les constructeurs d'immeubles et de maisons individuelles à planter un nombre d'arbres proportionnellement à la surface construite.;21;Environnement et développement durable
;;I have an idea ! retirer la gestion de la biodiversité à l'OFB;3;Environnement et développement durable
;;J'ai une idée ! Rendre obligatoire le vote électronique dans les communes;4;Société et vivre ensemble
;;Je voudrais que les artisants du BTP soient mieux contrôlés et cessent de balancer, enfouir ou bruler les déchets de construction.;15;Urbanisme et aménagement
;;Je voudrais que les médicaments prescrits par les médecins soient délivrés à l'unité afin d'éviter l'automédication ou encore la destruction de produits actifs qui pourraient sauver d'autres vies. Pas de gaspillages, des économies et moins de pollution chimique.;18;Santé
;;Nous devrions repensés notre système économique qui est aujourd'hui basé sur la croissance source d’inégalités,  de surconsommation, de destruction de notre planète, d'individualisme;20;Économie
;;Nous avons besoin de tout repenser et tout changer dans tous les domaines (financier, social, économique, environnemental, le monde de l'hôpital et du travail...) afin de ne plus enrichir ceux qui en profitent actuellement mais de créer un nouveau monde, meilleur !;11;Société et vivre ensemble,Économie
;;J'ai une idée ! Intégrer de façon systématique les équipes d'ALSH dans l'odre du jour des conseils d'école dont ils sont rattachés;7;Éducation
;;J'ai une idée ! la disparition de la restauration scolaire en liaison froide;3;Santé
;;Nous devrions arrêter de juger la réussite d’une population avec pour seul critère la prodution de richesses (PIB). Nous devrions en intégrer d’autres (l’environnement, la santé, la culture, etc.) et les pondérer. Ceci donnerait plus de sens à notre vie de citoyen.;40;Société et vivre ensemble
;;J'ai une idée ! que l'avis et la particapations des usagers soient obligatoires quelque soit la taille de la comune avant de valider tout projet d'aménagement de lieux publics;10;Société et vivre ensemble
;;J'ai une idée ! lutter contre l'obésité chez lzq enfants: leur proposer dans le cadre de l'école et des accueils périscolaires une activité sportive de 30 à 45 minutes par jour intégrant de la musculation du cardio de la respiration de l'assouplissement ....;8;Santé
;;"Comment pourrions-nous être beaucoup plus reconnaissant pour toutes les ""petites mains"" qui oeuvrent dans l'ombre pour notre bien être, pour s'occuper des personnes agées ou fragilisées. (Eboueurs, aide à domicile, aide soignantes,  secours....)";15;Économie
;;J'ai une idée ! réfléchir à un temps de restauration scolaire agréable à vivre et non plus comme un passage obligatoire que  ce temps de journée soit valorisé;4;Jeunesse
;;"J'ai une idée ! Nous allons arriver dans une phase où il va falloir ""sauver"" les entreprises et probablement les banques avec l'argent publique. La relance est l'occasion d'orienter l'économie vers la transition énergétique en imposant des contreparties aux entreprises";39;Économie
;;J'ai une idée ! rendre obligatoire et réaliser l'aménagement adéquate pour mettre en place le tri sélectif dans tous les établissements publics restauration écoles alsh;23;Environnement et développement durable
;;J'ai une idée ! Séparons les banques d'investissement et les banques de financement de l'économie réelle, pour éviter que les krach boursiers impactent autant l'économie réelle qu'en 2008;20;Économie
;;J'ai une idée ! banques;1;Économie
;;Nous avons besoin de stations GNV (gaz naturel comme celui quialimentenos chauffages ou notre gazinière) 90 fois moins polluant que le diésel. Nous avons besoin que les constructeurs francais (Renault, Peugeot, Citroën...) se mettent à construire comme Fiat et Volwagen;5;Transports et Mobilité
;;Nous devrions trier  nos poubelles individuelles ou collectives afin de méthaniser les humides et de trier les secs pour faire disparaitre les incinérateurs qui collectent en mélange et affectent dangereusement l'air q'on respire en brûlant tout et n'importe quoi;10;Environnement et développement durable
;;Nous devrions Arrêter d’aller à la pharmacie avec du papier (transmission virus sur papier). Ordonnance devrait être disponible sur carte vitale ou compte ameli, le décompte des  parlements des médicaments seraient automatiquesp;5;Santé
;;Nous devrions Proposer à tous les postes permettant de travailler en télétravail de le faire 2j/sem minimum. Moins de personnes sur un site = moins de déplacement = moins de  surface de bureau nécessaire (si bureaux non attribués à une personne);22;Économie
;;Nous devrions Continuer à nous approvisionner localement (nourriture, et autre);20;Environnement et développement durable
;;Nous avons besoin d'une nouvelle démocratie,  plus directe, en intelligence collective. J'ai une proposition travaillée avec un collectif, on en discute ?;12;Société et vivre ensemble
;;J'ai une idée ! Manger de saison et local;19;Environnement et développement durable
;;Nous avons besoin de privilégier le circuit court;17;Environnement et développement durable
;;We should Wear masks. This would allow us to go back to almost normal lives;4;Santé
;;"J'ai une idée ! Favoriser pratique du vélo en engageant un réel ""plan vélo"" (pistes cyclables, marquage bicycode, parkings vélos sécurisés) permettant maintien santé, moins pollution, etc
Chaque enfant devrait pouvoir aller à l'école à vélo de manière séc";22;Transports et Mobilité,Santé
;;We should apprendre à vivre localement dans un monde globalisé. Encourager les entreprises locales qui produisent près de chez nous.;15;Économie
;;Scinder en deux le système bancaire : d'un côté les marchés financiers, de l'autre les banques de l'économie réelle + interdire d'être sur les deux domaines en même temps. Nos banques ne doivent pas faire faillite à cause du domaine spéculatif.;17;Économie
;;"J'ai une idée ! Supprimer les ""cours"" du lait, du blé et de tous les autres produits de base. Il s'agit de notre nourriture, pas de la bourse. Les agriculteurs retrouveront une dignité dans leur métier.";10;Économie
;;J'ai une idée ! Interdire d'importer des produits alimentaires que l'on produit en France : on ne devrait pas pouvoir acheter du porc allemand produit dans des conditions pires qu'ici, et à des prix détruisant toute concurrence en Europe.;11;Économie
;;J'ai une idée ! Reprendre le principe de la convention citoyenne : créer une troisième assemblée pour compléter le Sénat et l'Assemblée Nationale. Ainsi des citoyens tirés au sort auront un pouvoir de balance démocratique.;11;Société et vivre ensemble
;;J'ai une idée ! Favoriser des circuits courts avec nos producteurs locaux.  Individuellement mais aussi demander aux supermarchés dans chaque région de travailler aussi avec eux  et arrêter les centrales d'achat;31;Économie
;;J'ai une idée ! donnons du calme et de la verdure à nos centre ville, en plantant des arbres et en créant des jardins, et en supprimant les véhicules sauf transport en commun pour les grandes villes;12;Urbanisme et aménagement
;;Nous devrions Soyons cohérent , je suis choqué à chaque fois que je vois de la publicité pour des voitures encore plus performantes encore plus volumineuse, nous savons tous que ce n'est plus notre avenir.;17;Environnement et développement durable
;;Je voudrais que le développement de la 5G soit arrêter, le monde va assez vite comme ça mettons cette énergie et ces moyens  au service  du  réchauffement climatique;21;Technologie, numérique et innovation
;;Je voudrais une vraie lutte contre le bruit : les moteurs, la musique à fond, les hurlements des indélicats la nuit... Retrouvons le plaisir du silence et des chants des oiseaux. C'est mon rêve.;8;Société et vivre ensemble
;;Comment pourrions-nous développer dans les villes les fermes urbaines et particulièrement l'hydro et l'aquaponie ?  Avantages : circuits courts + maitrise de la consommation d'eau + pas de pesticides;19;Société et vivre ensemble
;;Nous devrions revoir les grilles de rémunération en fonction de l'intérêt et apport de notre travail au bien-être / fonctionnement de la société;23;Économie
;;Nous devrions mettre en place une fiscalité pour soutenir la production européenne;14;Économie
;;Nous devrions mettre en place une fiscalité verte privilégiant les circuits courts et l'impact des produits sur l'environnement;31;Économie
;;Ich habe eine Idee! remplacer certaines places de parking par des potagers collectifs bio.;9;Urbanisme et aménagement
;;Ich habe eine Idee! Comme fait temporairement dans certaines villes comme Berlin pendant le confinement, redonner plus d'espace aux vélos sur la route. Et rendre ces mesures temporaires permanentes.;19;Transports et Mobilité,Urbanisme et aménagement
;;J'ai une idée ! Fermer certaines rues / artères non principales à la circulation le dimanche. Et donner la possibilité aux habitants de le gérer dans leurs quartiers (associations, collectifs, etc.);11;Transports et Mobilité
;;J'ai une idée ! Rendre les transports publics gratuits en finançant cela partiellement par des taxes plus importantes sur les grosses berlines et SUVs, par des péages urbains (un peu comme à Londres), une augmentation des prix de parking en centre ville p;14;Transports et Mobilité
;;J'ai une idée ! TVA à taux réduit sur les fruits et légumes bio régionaux. Et inversement, taxes sur les produits importés de très loins.;44;Économie
;;"J'ai une idée ! Réduire le cout de main d'oeuvre agricole. Le but serait que la production française ne soit pas plus cher que les fruits et légumes venant des pays voisins.
Manger français c'est bien, mais il faut que ce soit à la portée de tous les Fran";4;Économie
;;"Nous devrions définir des règles de constructions orientées vers les économies d'énergies et sa valorisation : toit végétalisé - jardin collectif/composteur ? - ; récupération des eaux de pluies ; bâtiment autonome énergétiquement ; Isolation à haute perf";33;Environnement et développement durable,Urbanisme et aménagement
;;Nous devrions soutenir activement la taxe carbone et le principe de pollueurs/payeurs;23;Environnement et développement durable
;;Nous devrions valoriser la taxe sur les transactions financières. Pour info, la City de Londres, c'est  33 millions de transaction... par seconde.;15;Économie
;;Comment pourrions-nous revenir à l'essentiel? Pour éviter que la pyramide ne s'écroule il faudrait se recentrer sur sa base(besoins physiologiques et sécurité/protection). Redonner de la valeur au travail effectif et nécessaire. Renoncer aux superflus.;12;Société et vivre ensemble
;;"En Guyane Française, la forêt amazonienne est  condamnée par les politiques ultralibérales . La France doit impérativement préserver cet écosystème vital irremplaçable. Voici un projet de transition écologique pour ce territoire:
https://pdf.lu/1902";24;Environnement et développement durable,Urbanisme et aménagement
;;Je voudrais que le développement durable  (tri des déchets, incidence de notre consommation, cycle de vie des produits, respect biotope et biosphère...) soit enseigné au collège au même titre que la musique ou les arts plastiques.;30;Éducation
;;J'ai une idée ! Le fret ferroviaire ne représente que 7% du fret total. Il est temps d'obliger les camions parcourant plus de 1000 kms à en réaliser une grande partie sur trains;37;Transports et Mobilité
;;J'ai une idée ! Chaque rue de nos grandes villes doit être progressivement plantée d'arbres et d'arbustes. Et ainsi, rendre les étés plus respirables dans ces villes;20;Environnement et développement durable
;;J'ai une idée ! Interdire les voitures purement et simplement dans les villes en n'autorisant que les transports utilitaires et en se donnant les moyens de transports en commun rapides et efficaces.;11;Transports et Mobilité
;;J'ai une idée ! anticiper et relocaliser: les entreprises de médicaments, de fournitures pour la santé, l'agriculture. Anticiper en maintenant un nombre de lits suffisants, du personnel médical également en nombre suffisant , rémunéré décemment;21;Santé
;;J'ai une idée ! anticiper! en formant les enseignants à l'enseignement à distance comme cela a été fait au Québec, en équipant enfants et enseignants de matériel informatique performant (cf les grosses entreprises qui changent leurs ordinateurs et pourraient les  donner;11;Éducation
;;J'ai une idée ! Halte à la speculation immobilière.Développer les solidarités dans le logement: par exemple l'habitat participatif. Demander dans la limite du raisonnable un encadrement voir une baisse des coûts de l'habitat d'urgence (loyers,prêt...) pour tous.;13;Urbanisme et aménagement
;;"Nous devrions éviter de financer les mesures ""après-crise"" avec des mécanismes tout sauf durables. 

Mesures de soutien et plan de relance vertueux sont les fondations indispensables d'un monde plus sain.";19;Économie
;;Our community needs de faire du sport et nous divertir. Par ex, les piscines sont fermees car les rassemblements de plus de 100 personnes sont interdits. Pareil dans les lieux culturels. Il faut developper des apps de gestion de l'affluence par secteur en temps reel!;8;Culture, sport et loisirs
;;Nous avons besoin de citoyens plus responsables des leurs actes et moins critiques de ceux des autres.;9;Société et vivre ensemble
;;Nous avons besoin de relancer l'économie dans les secteurs  du développement durable et respectueux de l'environnement. Financer  à grande échelle , la reconversion des salariés des industries polluantes et utilisant les hydrocarbures. Arrêter de subventionner ces secteurs;20;Économie
;;Nous avons besoin de placer les Droits Culturels au coeur des politiques culturelles;10;Culture, sport et loisirs
;;Nous avons besoin de taxer fortement les entreprises qui polluent;22;Économie
;;Nous avons besoin de sanctuariser les communs et d'interdire la privatisation de ceux-ci;12;Société et vivre ensemble
;;Nous avons besoin de soutenir les lowtechs;12;Technologie, numérique et innovation
;;Nous avons besoin d'arrêter de subventionner le secteur automobile;12;Transports et Mobilité
;;Nous avons besoin d'arrêter immédiatement de vouloir une croissance économique;19;Environnement et développement durable
;;Nous devrions Interdir l'installation de la 5G trop polluante et superflue.;17;Économie
;;Nous avons besoin de former des citoyens informés et critiques, pas des travailleurs;12;Éducation
;;Nous avons besoin de canaliser leur énergie dans des rôles où les jeunes puissent se rendre utiles et avoir le sentiment de construire le monde qui les entoure (au lieu de ses sentir perdu dans un monde où l'adolescence s'allonge toujours plus);16;Jeunesse
;;Nous avons besoin de développer les approches holistiques traditionnelles de prévention en complément des approches pharmaceutiques d'urgence;10;Santé
;;Nous avons besoin de végétaliser et rendre accessible tous les bâtiments;12;Urbanisme et aménagement
;;Nous avons besoin d'adopter la concption universelle relative à la conception en amont de toutes nos mises-en oeuvre en fonctione des personnes les plus empêchées;1;Société et vivre ensemble
;;J'ai une idée ! Interdire les élevage industriels émetteurs de gaz à effet de serre et pourvoyeurs de soufrance.;16;Environnement et développement durable
;;J'ai une idée ! Proposer un menu végétarien dans toutes les cantines de toutes les collectivités. Imposer au minimum 2 repas végétariens par semaine, dans  les cantines scolaires;19;Environnement et développement durable
;;Nous avons besoin De plus de « vraies » pistes cyclables, pas de la peinture au sol....;23;Environnement et développement durable
;;J'ai une idée ! Interdire l'importation d'objets contenant des plastiques non recyclables (y compris les masque FFP2...);6;Santé
;;J'ai une idée ! Revaloriser les salaires des professionnels de santé durablement;23;Santé
;;J'ai une idée ! Augmenter les numerus clausus des médecins généralistes et spécialistes;15;Santé
;;J'ai une idée ! Prendre exemple sur le modèle allemand décentralisé de la médecine de ville qui a prouvé son efficacité dans la prévention covid-19;5;Santé
;;Je voudrais Je ne comprends pas pourquoi n’a pas été créé une ligne de tramway Jean Macé, Saxe  / Foch qui dessert le parc de la tête d’Or... ;5;Transports et Mobilité
;;Je voudrais Pourquoi ne pas utiliser la ligne de chemin de fer de St Rambert pour desservir l’ouest Lyonnais ?;9;Transports et Mobilité
;;Our community needs De nombreux associés pour innover et lutter efficacement et mondialement contre le réchauffement climatique : agissez sur www.time-planet.com (nouvelle ère pour le monde de l’entreprise à mission : capital ouvert à tous, non lucratif, transparence...,;2;Technologie, numérique et innovation
;;J'ai une idée ! Développer le vote par voie numérique;9;Technologie, numérique et innovation
;;J'ai une idée ! Augmenter le numerus clausus pour les études médicales. Mieux rémunérer le personnel soignant, et aussi médecins et chercheurs, éviter le risque d'infeodation aux toutes puissantes industries pharmaceutiques.;20;Santé
;;"J'ai une idée ! 
Un revenu universel en monnaie complémentaire : pas de dépendance au système financier et spéculatif, et un soutien à la production locale. 
Chacun.e aura le moyen de changer pour s'investir dans la solidarité et la transition.";15;
;;Nous devrions réduire nos déplacements en transport aerien à un seuil raisonnable et favoriser les déplacements à plus courte distance.;19;Transports et Mobilité
;;Nous devrions soutenir la recherche publique pour ne pas dépendre d'autres puissances étatiques ou privées et afin de mieux pouvoir anticiper/alerter/prévenir les boulversements et crises sanitaires/climatiques/économiques/politiques/sociale/...;17;Technologie, numérique et innovation
;;Nous devrions réinvestir massivement dans les services publiques (transport/énergie/santé/éducation/recherche/services à la personne) afin de réinjecter de la solidarité dans notre société.;27;Société et vivre ensemble
;;Nous devrions investir massivement dans une agriculture paysanne plus durable extensive rurale et urbaine, afin de réduire la pollution dans ces zones, de favoriser la bien-nutrition, de recréer un lien avec la nature,  des emplois, & du bonheur.;29;Société et vivre ensemble
;;Nous avons besoin De recycler l'ensemble de nos produits. Donc ne fabriquons plus de produits non recyclables et passons de 20% à 100% de recyclage de nos déchets.;28;Environnement et développement durable
;;Nous avons besoin D'une agriculture saine, sans pesticides car notre première médecine est notre alimentation.;26;Environnement et développement durable
;;Nous avons besoin de passer de la domination à l'inclusion. Avec le covid19, nous voyons que nous sommes tous égaux, de simples êtres humains. Developpons la solidarité au niveau local, l'entraide, la Fraternité. N'attendons plus que l'Etat pourvoit à tous nos besoins.;7;Société et vivre ensemble
;;Nous avons besoin de mettre un terme aux violences conjugales et au viol. Eduquer au respect et à l'égalité hommes-femmes est une nécessité absolue et condamnons lourdement ces délits.;19;Société et vivre ensemble
;;Nous avons besoin Produire et consommer local;16;Environnement et développement durable
;;"Nous devrions Travailler sur ""le temporel"": ne pas faire les trajet domicile travail tous à la même heure,ainsi mieux répartir les tranports en commun.";12;Urbanisme et aménagement
;;Comment pourrions-nous réduire les couts des productions manufacturières et alimentaire locales et respectueuses environnement et augmenter ceux des produits  au mépris du respect de l'environnement.;14;Économie
;;Nous avons besoin de ré-inventer notre système carcéral en prenant en compte notre expérience de confinement: trouver des alternatives à l'enfermement inefficace au possible.;14;Société et vivre ensemble
;;I have an idea ! Demander aux enseignes de la grande distribution de se fournir auprès de producteurs / agriculteurs locaux et ensuite mettre  les produits localement  aux consommateurs. Tout devrait rester local, il faut donc repenser la chaine logistique.;29;Environnement et développement durable
;;J'ai une idée ! faire mieux connaitre les pratiques alternatives de santé : homéopathies, shiatsu, hypnose, acupuncture,...;10;Santé
;;J'ai une idée ! participer à la création et au financement de projets d'entreprises  dans son département;1;Économie
;;Nous devrions réapprendre à douter et remettre nos certitudes en question.  Nous devrions nous interroger sur le sens du mot démocratie à notre époque et sur les moyens alternatifs de la mettre en place.;9;Société et vivre ensemble,Éducation
;;J'ai une idée ! reflechir à l'administration des vaccins aux enfants, avoir la liberté de choisir, revoir entièrement cette pratique;5;Santé
;;J'ai une idée ! organiser des ateliers de philosophie dans les écoles primaires;8;Éducation
;;J'ai une idée ! prévoir des consultations participatives pour les décisions prises par le conseil municipal;16;Société et vivre ensemble
;;Nous devrions revaloriser les salaires dans l'éducation nationale, et dès l'école maternelle et primaire. Il est anormal vu la place de ces professions dans la société, qu'elles soient si peu rémunérées.;28;Éducation
;;"Nous avons besoin de modifier l'espace public pour des déplacements sécures à pied ou à vélo avec des ""aménagements temporaires""";20;Transports et Mobilité
;;Nous devrions mettre en place un revenu universel pour chacun sans condition de revenu/ âge... qui valorise notre droit de vivre dignement;25;Société et vivre ensemble
;;Nous avons besoin d'apprendre à reconnaître et à accepter les erreurs (les nôtres et ceux des autres), que l'on soit un enfant ou un adulte;4;Société et vivre ensemble
;;Nous avons besoin de mobiliser le plus de personnes possibles dans les décisions politiques à l'échelle locale comme à l'échelle nationale. ça passe par plus de transparence dans le fonctionnement, les processus de prise de décision.;6;Société et vivre ensemble
;;I have an idea ! la révocation d’élues qui ne remplisse point leurs taches;2;Société et vivre ensemble
;;I have an idea ! référendum annuelle (lois,budget,etc);2;Société et vivre ensemble
;;I have an idea ! changement de république: la république du peuple par le peuple et pour le peuple;2;Société et vivre ensemble
;;I have an idea ! Dépénalisation du cannabis et production made in France;3;Économie
;;I have an idea ! Diminué les mandats électif a 3 ans et non renouvelable;7;Société et vivre ensemble
;;I have an idea ! Casier judiciaire vierge obligatoire pour prétende au  poste d’élue de la république.;15;Société et vivre ensemble
;;I have an idea ! Tribunaux populaire obligatoire.;1;Société et vivre ensemble
;;I have an idea ! Que tout produit  alimentaires de base ne soit taxé qu'a 5.5%;8;Société et vivre ensemble
;;Nous avons besoin d'un plan vélo digne des solutions environnementales, de santé , sociales que nous apporterais l'usage quotidien du vélo.;11;Transports et Mobilité
;;I have an idea ! de promouvoir des méthodes d'éducation alternatives qui se fondent sur le respect des lois naturelles du développement, lois bien présentées par Céline Alvarez.  Je pense notamment aux méthodes Montessori et démocratiques;13;Éducation
;;Our community needs le développement de pratiques favorisant la (re)connexion de l'être humain à la nature et ce dès le plus jeune âge.;9;Santé
;;J'ai une idée ! Faire siéger au conseil d'administration des entreprises des employés avec des droits de vote  (à définir de 30 à 50% ? plus ?) à partir d'une certaine taille de structure ( 30 50 100 employés?) parce qu'il n'y a de richesse que d'hommes;10;Économie
;;J'ai une idée ! Faire une réflexion citoyenne sur les déplacements urbains courts (moins 4 km) et faire admettre que la voiture n'est pas le moyen le plus adapté. Faire en sorte que la marche, le vélo, les transports en commun deviennent le mode de déplacement court priv;11;Transports et Mobilité
;;J'ai une idée ! Valoriser financièrement les agricultures permaculturelles, augmenter la formation à l'agriculture biologique et agriculture permaculturelle dans les centres professionnels agricoles.;19;Environnement et développement durable
;;J'ai une idée ! respecter le droit des citoyens à être informé des produits phytosanitaires, pesticides, insecticides épandus sur les terres agricoles, surtout dans les communes rurales.;16;Environnement et développement durable
;;J'ai une idée ! interdire l'usage des produits pesticides, insecticides, phytosanitaires detruisant le vivant et polluant l'air, les sols, l'eau;23;Environnement et développement durable
;;J'ai une idée ! transition vers une démocratie directe et réellement citoyenne, de l'échelle communale, départementale, régionale à nationale;9;Environnement et développement durable
;;J'ai une idée ! Je pense que beaucoup des idées exprimées sont valables mais que la première chose à faire actuellement est de s'unir contre les personnes et les pouvoirs qui souhaitent rétablir le fonctionnement antérieur à cette crise.;7;Société et vivre ensemble
;;Nous devrions Annuler le premier tour des élections municipales pour construire de nouvelles listes incluant les citoyens qui souhaitent s’engager après cette crise et réviser les programmes électoraux à la lecture des événements.;5;Société et vivre ensemble
;;Nous devrions Favoriser l’émergence des habitats légers. Écologiques et moins coûteux, ils limitent les impacts sur notre environnement. Ils favorisent une baisse de l’endettement des ménages, permettant ainsi d’autres choix d’organisation de notre vie quotidienne.;18;Urbanisme et aménagement
;;J'ai une idée ! Donner les moyens à tous les éducateurs (parents et professionnels toutes catégories intervenant auprès d'enfants) d'accompagner les enfants pour en faire de futurs citoyens épanouis, respectueux d'eux-mêmes, des autres et de la planète...;8;Éducation
;;J'ai une idée ! Former tous les éducateurs à la Communication NonViolente pour qu'ils aient les moyens d'accompagner les enfants, futurs citoyens dans leur épanouissement, à leur service et au service du collectif;9;Éducation
;;J'ai une idée ! favoriser le télétravail autant que faire se peut pour limiter les transports polluants;17;Transports et Mobilité
;;J'ai une idée ! Donner les moyens à tous de prendre en charge la santé par une invitation à découvrir le bon (que ce soit savoureux et ludique) qui fait du bien à leur santé et leur immunité sur le long terme économie pour la sécu;7;Éducation
;;J'ai une idée ! encourager et diffuser toutes les initiatives pour profiter des bonnes idéess solidaires, privilégiant la proximité (alimentaire, entraide dans le voisinage, santé, sport;5;Société et vivre ensemble
;;J'ai une idée ! Déployer un réseau de transports en communs plus étendu et plus écologique permettant au plus grand nombre d'utiliser les transports en commun;14;Transports et Mobilité
;;J'ai une idée ! Il faut construire des logements sociaux abordables pour tout les moyens financiers en respectant l'écologie;9;Urbanisme et aménagement
;;J'ai une idée ! Proposer des ateliers joyeux pour les enfants  pour leur montrer que le vivre ensemble est joyeux, bien plus que de consommer sans fin et bien plus épanouissant;4;Société et vivre ensemble
;;Nous avons besoin D'espaces naturels protégés. Améliorer et agrandir les parcs naturels, créer de nouvelles zones naturelles protégées, en limitant le plus possible les activités humaines. Multiplier les petites zones tres protégées : Pas de circulation m;7;Environnement et développement durable
;;Nous devrions travailler à davantage de solidarité;6;Société et vivre ensemble
;;Nous avons besoin d'un changement de paradigme vers l'écologie et le développement durable;11;Environnement et développement durable
;;Nous devrions faire naître la responsabilisation dès le plus jeune âge;5;Éducation
;;Nous avons besoin de réduire notre mobilité et d'encourager les transports en commun;14;Transports et Mobilité
;;I would like revaloriser les métiers en lien avec l'humain, notamment les contrats et salaires (enseignant, ALSH, éducateur, animateur, travailleurs socials et médicals...);19;Éducation
;;Je voudrais Des investissements dans les économies d'énergie;12;Environnement et développement durable
;;Je voudrais Développer toutes les formes délibératives et participatives pour construire une société plus égalitaire, résiliente, démocratique et écologique;14;Société et vivre ensemble
;;Je voudrais accroitre la taxe carbone tout en compensant pour les plus défavorisés et en permettant les alternatives aux transports polluants.;9;Environnement et développement durable
;;Je voudrais que la PAC s'oriente vers un soutien à l'agriculture bio et aux circuits courts;29;Environnement et développement durable
;;Our community needs développer une autonomie régionale ou nationale dans notre capacité à produire et couvrir nos besoins essentiels, dans les secteurs de l'alimentation, et la santé  notamment.;9;Économie
;;Je voudrais que le soutien aux secteurs en crise soit conditionné à une orientation de leur production vers une réelle transition écologiquevers;24;Environnement et développement durable
;;We should transformer les aides du gouvernement aux grandes entreprises en entrées au capital pour l'Etat, ou bien encore, en entrées au capital pour les salariés de ces entreprises.;6;Économie
;;I have an idea ! Nationalisation des grandes entreprises;3;
;;J'ai une idée ! Finançons maintenant la reconversion des industries dépassées et polluantes, dans des secteurs vertueux et nécessaire à une vraie transition écologique! (automobile, aviation, énergies fossiles, etc..);12;Économie
;;Nous avons besoin De maintenir les liens sociaux et le culturel comme quelque chose de vital, de plus important que la consommation (autorisée en confinement donc associé comme unique action nécessaire vitale);3;Culture, sport et loisirs
;;J'ai une idée ! Prévoir 3 voyages longs courriers touristiques au maximum par citoyen pour toute une vie;5;Transports et Mobilité
;;J'ai une idée ! Les banques ne doivent plus être privées. Revenir à la banque publique.;8;Économie
;;J'ai une idée ! Interdire la spéculation. L'argent doit servir uniquement à ce pour quoi il est fait au départ: échanger des biens et des services. Les entreprises doivent toutes passer en mode collectif, et appartenir aux salariés.;11;Économie
;;J'ai une idée ! rétablir l'ISF et établir un plafond de revenus. Tout ce qui dépasse de ce revenu doit être donné à des associations qui sauvegardent la vie.;6;Économie
;;J'ai une idée ! Revoir tout le système politique, et adopter la sociocratie comme système politique.;2;Société et vivre ensemble
;;Comment pourrions-nous avoir les résultats du moratoire sur la 5G;4;Technologie, numérique et innovation
;;Nous avons besoin de beauté;2;Urbanisme et aménagement
;;J'ai une idée ! retirer le  bitume dans les cours d'école;9;Urbanisme et aménagement
;;J'ai une idée ! faire des jardins participatifs nourriciers PARTOUT;9;Urbanisme et aménagement
;;J'ai une idée ! Une monnaie complémenatire nationale pour le Bien commun;2;Économie
;;I have an idea ! Baser notre système sur le fait que la terre ne peut pas accueillir une infinité d'être humains...pas de lois por limiter le nombre d'enfants mais pas trop d'encouragement  à en faire;6;Enfants et famille
;;Nous devrions environnement;1;Environnement et développement durable
;;J'ai une idée ! Stop;2;Économie
;;J'ai une idée ! Arrêtons de toujours demander à l'Etat, aux autres,... de subvenir à nos besoins, à nos désirs, à nos souhaits,......etc, car l'Etat, la Région, la Communauté Urbaine, la Métropole, la Ville sont au bord du gouffre financier. Tous sont énormément endettés;2;Économie
;;J'ai une idée ! Stop. Arrêtons de toujours demander. L'endettement de l'Etat, de la Région, de la Communauté urbaine, de la Métropole , de la Ville correspond à un niveau de vie que nous n'avons pas gagné, mais emprunté. Remboursons. Sinon, nos enfants devront le faire.;3;Économie
;;J'ai une idée ! J'ai une idée ! Arrêtons de toujours demander à l'Etat, aux autres,... de subvenir à nos besoins, à nos désirs, à nos souhaits,......etc,. Plus de blabla, plus de gémissements, plus de réclamations à tout va. Au travail, créons, produisons.;3;Économie
;;J'ai une idée ! Debout, au travail, créons et produisons.;0;Économie
;;"J'ai une idée ! Rendre possible toutes installations sur l'espace public des magasins bar et restaurants sans autorisation a partir du 11 mai 2020, avec un accès réservé aux services dans les parties intérieures;";1;Économie
;;J'ai une idée ! Création d'un fonds de solidarité nationale, alimenté par un impôt exceptionnel financé d'une part par des réserves de l'état et sur les revenus hauts, pour soutenir les travailleurs indépendants ayant subi les plus fortes baisses de revenus.;5;Économie
;;Comment pourrions-nous Faire en sorte de lisser le cout du travail en Europe, dans le monde en gardant nos acquis...le revenue universelle est une piste mais les travailleur n'accepteront que si il est soumis à des travaux d’intérêt généraux pour ceux qui ne travailleraient pas;2;Économie
;;J'ai une idée ! Une solution agile pour voter : la technologie blockchain permet de voter numérique, sécurisée, rapidement, pour une fraction du coût, sur smartphone ordi ou machine (simple) dédiée, par ex pour référendums, élections locales ... etc.;4;Technologie, numérique et innovation,Société et vivre ensemble
;;J'ai une idée ! La Suisse a 2 monnaies pourquoi pas en France ? Une crypto-monnaie (monnaie numérique) nationale et non spéculative, reçue de manière inconditionnelle par chaque citoyen, un revenu universel de la naissance à la mort (type monnaie libre);2;Technologie, numérique et innovation,Économie
;;Nous avons besoin de moins d'interventionnisme de l'État partout, de recouvrer nos libertés publiques désormais très détériorées, de faire plus confiance aux territoires et à la société civile pour gérer le Pays;4;Société et vivre ensemble
;;"Nous avons besoin d'un État qui soit comme un ""manager-fédérateur"" cad qui donne un cap et laisse faire les territoires (région département métropole commune) et la société civile pour solution budget et contrôle régulier par les citoyens en local";4;Société et vivre ensemble
;;"J'ai une idée ! Ne pas laisser l' IA se développer et ""prendre le pouvoir sur nos vies"" sans en débattre publiquement (débat long sérieux responsable) suivi  d'un référendum : Voulez vous que la société Française accepte l' IA ou pas ?";3;Technologie, numérique et innovation
;;J'ai une idée ! Comme certains états des USA l'ont fait, refuser et interdire la reconnaissance faciale auditive ou autre par les caméras et micros de surveillance, ainsi que le tracking comportemental et social des citoyens (cf la Chine);8;Technologie, numérique et innovation,Société et vivre ensemble
;;Je voudrais Que l'on définisse plusieurs axes routiers lyonnais comme pistes réservées aux cyclistes. Création de voies rapides, larges et totalement sécurisées pour favoriser ce mode de transport en pleine ville et aux alentours. Et + de parkings à vélo;15;Environnement et développement durable
;;Nous devrions Remettre la tolérance au centre des conscience.;9;Société et vivre ensemble
;;Je voudrais plus de parcs et espaces verts de proximité;14;Urbanisme et aménagement
;;Nous avons besoin plus de pistes cyclables et parkings à vélos sécurisés;21;Urbanisme et aménagement
;;Nous avons besoin plus de voies vertes urbaines pour rejoindre à pied les quartiers et espaces publiques.;17;Urbanisme et aménagement
;;Nous devrions Faire payer les usagers des transports polluants, entreprises et particuliers (avion, poids lourds) afin de rendre le local plus attractif;17;Environnement et développement durable
;;Nous devrions Démocratiser BEAUCOUP PLUS l’usage du vélo ! Et surtout faciliter son stationnement en sécurité !;18;Transports et Mobilité
;;J'ai une idée ! nTester, isoler et guérir. Beaucoup de pays et de villes ont réussi à freier le covid. Pouruoi ne pas bénéficier de leur retour d'expérience. La ville  pourrait leur demander conseil et formation dans ce domaine.;2;Santé
;;J'ai une idée ! Valoriser les circuits courts et les productions responsables;23;Environnement et développement durable
;;Nous devrions Donner enfin aux hopitaux publics les moyens de garantir un accès à la médecine pour tous dans les meilleurs conditions possibles, rémunérer à leur juste valeur les salariés de ce secteur;18;Santé
;;J'ai une idée ! Interdire toute déforestation dans le monde;11;Environnement et développement durable
;;J'ai une idée ! Obliger d'acheter de l'alimentation locale et saisonnière;5;Environnement et développement durable
;;J'ai une idée ! Mieux communiquer sur les sites Internet de la ville et la métrople sur les commerces qui proposent des produits locaux, bios et durables + associations ayant une démarche solidaire et utile.;11;Économie
;;J'ai une idée ! Réduire la circulation des véhicules à quelques créneaux horaires (2 heures matinée, 2 h soirée) dans les centres villes (à Strasbourg notamment);4;Environnement et développement durable
;;J'ai une idée ! décider que chaque délibération et vote intègre sytématiquement  l'étude d'impact sur l'environnement et la préservation de la biodiversité.;18;Environnement et développement durable
;;Nous devrions Supprimer la possibilité de transmettre son patrimoine à ses descendants et le remplacer par une dotation  universelle à la naissance. Cela permettrait à chacun de démarrer avec quelque chose dans la vie tout en dissuadant du besoin d’accumulation;5;Économie
;;Nous devrions changer notre mobilité en optant pour des moyens non polluants et gratuits en ville.  Augmenter la végétation en ville et impliquer la population à son entretien, par ilots. Sécuriser et développerles circuits pour vélo afin que la jeunesse puisse rouler;20;Urbanisme et aménagement
;;"Je voudrais que l'on impose, comme au Chili, au Pérou et peut-être bientôt au Mexique, des ""badges"" noirs sur les aliments trops sucrés, gras ou salés (résultats impressionnants dans ces pays)";17;Santé
;;J'ai une idée ! Planter des haies nourricières pour lutter contre l'érosion des sols, contribuer à la résilience alimentaire, favoriser la biodiversité, apporter du beau, de l'ombre, de l'humus. En instaurant des bandes réservées dans les PLU;17;Environnement et développement durable
;;Nous devrions creer des espaces naturels sans aucune intervention humaine afin de recreer des espaces originels;15;Environnement et développement durable
;;Nous devrions il faudrait obliger toutes les villes de france a planter dans ses parcs autant d'arbres qu'il y a d'habitants dans la ville ...soit une ville de 40000 habitants doit avoir au moins 40000 arbres sur son territoire;11;Environnement et développement durable
;;J'ai une idée ! Je pense qu'il serait plus simple que nous décalions la rentrée scolaire à janvier pour faire une année scolaire de janvier à décembre comme en Asie. Et de septembre à décembre 2020, nous ferions le programme que nous devions faire durant le confinement.;5;Éducation
;;Pour cette Civocracy, un questionnaire de base permettrait de donner son avis plus facilement. Propositions servirait pour ajouter ce qui manque. Car globalement, on a une grosse trame d'idées communes. Ça serait moins fastidieux;8;
;;imposer aux commerçants au moins 50 % de local;9;Environnement et développement durable
;;mettre en N°1 de la constitution les droits à la nature, interdire les pesticides,protéger 30% de nos espaces naturels terrestres et maritimes, réduire très fortement la pollution luminueuse, favoriser la faune sauvage (centre de soins, associaitons etc);13;Environnement et développement durable
;;imposer un minimum de Home Office en temps normal et le maximum de home office que on voit un PIC de pollution arriver;14;Transports et Mobilité
;;Moins de pouvoir dans les mains des chefs d'état et plus dans les mains des Mairies. Mais je pense qu'il y aurait également besoin d'un groupe leader monde pour imposer aux pays le basic: respect du vivant. Protection des équilibres forêts/eau douce/mer;6;Société et vivre ensemble
;;J'ai une idée ! que chaque ville de France plantes des arbres fruitier plutôt que décoratif et dans chaque espace disponible des fruits et légumes pour utilisé l'eau commune pour nourrir tout le mondes ou du moins  changé l’agrément visuel par du vitale;17;Environnement et développement durable
;;Nous devrions Travailler moins. Passer à u e semaine de 30 heures, dans un premier temps. Et mettre en place un revenu universel. Il faut aussi généraliser le télé travail autant que possible.;9;Économie
;;J'ai une idée ! Que tout les exilés fiscaux doive réintégré le circuit financier en France . Pour les sportif ou financiers, Patron et dirigeant d'entreprise. En qu'a de refus la spoliation des biens et entreprise et pour les sportif ou stars de ne plus exercé en France.;4;Économie
;;J'ai une idée ! Arrêté les journaux continue orienté pour le système actuelle . qu'il ne relate que l'information vérifie et non partisane;3;Société et vivre ensemble
;;J'ai une idée ! Le droit a la révocation des élues si il ne font pas le travail pour laquelle ils ont été élues.;12;Société et vivre ensemble
;;Je voudrais un plan vélo ambitieux et la gratuité des transports en commun;17;Environnement et développement durable
;;J'ai une idée ! interdire la vente de fruits et légumes dans les grandes surfaces afin d'éviter l'intervention des centrales d'achats sur ces produits. Cela favoriserait les producteurs locaux et les produits de saison.;7;Environnement et développement durable
;;J'ai une idée ! Limiter toutes les classes de la PS au CM2 à 20 élèves. Redonner de l'argent aux instituts médico-éducatifs et aux ITEP. Professionnaliser les AVS. Employer des secrétaires en soutien aux directeurs d'école. Donner des moyens à l'école.;14;Éducation
;;J'ai une idée ! supprimer tous les véhicules non nécessaires des grandes villes;9;Environnement et développement durable
;;J'ai une idée ! Il faut changer notre façon de voir individualiste et devenir altruiste.  Porter un masque permet de protéger les autres avant de se protéger soi-même;5;Société et vivre ensemble
;;J'ai une idée ! Il faudrait élargir la notion de crime contre l'humanité aux élus et aux multinationales qui n'intègrent pas la notion de préservation de l'environnement dans leurs propositions de lois, leur activité ou leur lobbying;16;Environnement et développement durable
;;J'ai une idée ! Favoriser (ou en tout cas ne pas freiner) les nouveaux types d'habitats écologiques, modulables et accessibles (ex : tiny house).;11;Urbanisme et aménagement
;;J'ai une idée ! Il faudrait construire une banque alimentaire à l'image de notre système de sécurité sociale. Un système de production, transformation, distribution sur le même principe que la santé. Droit aux soins pour tous ET droit à se nourrir pour tous;9;Société et vivre ensemble
;;J'ai une idée ! Favoriser le télétravail en espace de coworking (ou tiers-lieu) à proximité de son domicile, et donc développer ce type d'espaces sur le territoire.;16;Transports et Mobilité
;;J'ai une idée ! Développer l'agroforesterie et la permaculture et aider les agriculteurs à modifier leurs pratiques afin de limiter l'utilisation des pesticides;20;Environnement et développement durable
;;J'ai une idée ! Il faut créer des classes supplémentaires dans les maternelles, les primaires, les collèges, les lycées généraux et lycées professionnels parce que il y aura 15 élèves par classe c'est une bonne initiative mais il n 'y en a pas assez,;7;Éducation
;;Nous devrions profiter de ce que la crise que nous traversons nous a appris, notamment que le télétravail est possible pour beaucoup de secteurs ! Il devrait être mis en place d’office lorsque cela est possible par l’activité, même si ce n’est qu’un jour par semaine.;19;Environnement et développement durable
;;J'ai une idée ! Mettre en place la généralisation dans les centres commerciaux, metro, arret de bus, etc de distributeurs de masques /gants & gels (cela vient d’être fait dans le métro à Lyon).;4;Santé
;;Nous avons besoin de trouver une solution pour que tous les SDF qui ont été hébergés pendant le confinement ne soient pas remis à la rue.;14;Société et vivre ensemble
;;J'ai une idée ! limiter les grandes connurbations dont la gestion devient très onéreuse, au profit des villes petites ou moyennes qui dépérissent mais détiennent des opportunités d'aménagement plus souples et peu couteuses;5;Urbanisme et aménagement
;;J'ai une idée ! imposer que nos futures importations correspondent aux cahiers des charges de nos propres produits et services, ou équivalents, bref, faire en sorte que les conditions de production du bien ou service fassent partie des futures négociation;9;Économie
;;Je voudrais que nous retenions l'impact sur l'environnement qu'a eu le confinement et ne pas tout gâcher par un retour massif à la production et à la pollution.;20;Environnement et développement durable
;;Nous devrions ne pas relocaliser la pollution.;2;Environnement et développement durable
;;Nous avons besoin De retrouver confiance en nous et notre faculté à trouver des solutions face à des situations inédites comme celle-ci.;2;Société et vivre ensemble
;;Nous avons besoin De faire confiance en les professionnels des écoles pour trouver des idées et des mesures adaptées et garantir la santé de chacun.;5;Éducation
;;Je voudrais Que l'on n'oublie pas toutes celles et ceux qui nous ont permis de vivre en cette période de confinement : personnels de santé, artisans et personnels des boulangeries, boucheries, maraîchers, livreurs, fourn. d'accès internet, postiers, éducateurs...;5;Société et vivre ensemble
;;Nous devrions réduire les indemnités parlementaires et ministérielles pour alléger le budget;6;Économie
;;Nous avons besoin De concevoir et fabriquer, produire, garantir des emplois pérennes et bien rémunérés en France..;8;Économie
;;Nous devrions proposer des achats subventionnés en matériel numérique pour les lycéens désavantagés;6;Éducation
;;"Nous devrions imaginer demain. C'est à dire sélectionner les entreprises durables et qu'il est raisonnable de sauver et ne pas tenter de les renflouer toutes ""quoi qu'il en coûte"". Penser au monde que l'on veut pour demain et faire les choix qui permettent d'y arriver.";9;Économie
;;Je voudrais Que l'accès à la culture, aux;1;Culture, sport et loisirs
;;Nous avons besoin de mettre en place toutes les actions difficiles pour contenir le réchauffement (comme B&L l'a détaillé suite au rapport GIEC) : interdiction des voitures en centrevilles, télétravail encouragé, prix nrj progressif, suppr vols intérieurs, etc;8;Environnement et développement durable
;;Nous avons besoin de favoriser le développement des monnaies locales et d'y contribuer plus largement. Contrairement à l'euro, ces monnaies  n’alimentent pas le circuit financier spéculatif mondial et contribuent au développement de l'économie locale.;9;Économie
;;Nous devrions relocaliser bon nombre de productions, consommer moins et mieux et davantage télétravailler pour limiter des déplacements pour partie inutiles.;9;Économie
;;Changer les barèmes des salaires et allocations budgétaires pour les métiers essentiels dans les domaines de  l’éducation, de la médecine, les éboueurs... Ceux qui nous permettent de vivre pendant ce confinement sont les métiers essentiels.;6;Éducation,Économie
;;Nous avons besoin de réformer en profondeur le système politique pour qu'une vision long terme soit enfin possible.;7;Société et vivre ensemble
;;Je voudrais une interface plus intuitive pour que tout le monde ne fasse pas ses propositions dans son coin;0;Société et vivre ensemble
;;J'ai une idée ! Pour échelonner les départs des parents vers le travail et depuis leur travail, augmenter l'intervalle d'ouverture de l'école de 10min à 20min matin et soir pour moins de monde au même moment dans les transports en commun.;3;Éducation
;;Il faudrait intervenir sur la fiscalité des paiements en ligne. Contraindre les banques de l'acheteur à prélever une taxe de 1% sr toutes les ventes en ligne. Cela résoudrait le problème de la mauvaise volonté des GAFA à reverser un impôt, et permettrait;5;
;;-	N’attendons rien de la politique « lobbyisée ». Si nous modifions la demande, ils modifieront l’offre. Il est de la responsabilité de chacun de modifier ses comportements.;3;Société et vivre ensemble
;;J'ai une idée ! déblocage de terrain aux particuliers en terrain constructible ce qui permettrai aux petits artisants d'avoir du travail car la construction depuis près de 2 ans subit une perte vertigineuse de travail au niveau de la construction;1;Urbanisme et aménagement
;;Apprendre à consommer et arrêter de sur-consommer, de sur-produire. Accepter de consommer moins et ainsi payer un produit local, certes plus cher, mais de qualité.;12;Société et vivre ensemble
;;"Puisque tout ""travail"" mérite ""salaire"", toute ""rémunération"" devrait être issue d'un ""travail"". Inviter les bénéficiaires d'aides de l’Etat à redonner qq heures/sem. à la société locale (aides aux écoles, espaces verts, associations, projets)";2;Société et vivre ensemble
;;-	Arrêter de vouloir aller toujours plus vite (5G par exemple). Reprendre le goût et le temps de vivre.;10;Santé
;;Revaloriser les métiers et les formations professionnelles manuelles.;12;Économie
;;Placer l’Homme dans la gestion durable des ressources terrestres de façon responsable et non dans leurs exploitations à outrance. S’il se croît supérieur aux autres espèces, il doit prendre soin de cette magnifique planète.;6;Environnement et développement durable
;;-	Valoriser l’entretien de notre écosystème. En incitant à préférer l’entretien des ressources forestières plutôt que l’exploitation de ces surfaces dans des productions suicidaires d’un point de vue écologique et sanitaire.;5;Environnement et développement durable
;;I have an idea ! que chaque nouveau déploiement lié au numérique fasse l'objet d'une étude d'impact afin de connaître les conséquences écologiques, sanitaires et financières et les apports en terme de bénéfices, d'avantages à la société. Ex: 5G, compteur Linky...etc.;4;Technologie, numérique et innovation
;;Nous devrions encourager toutes les entreprises qui ont fait le choix de garder une fabrication française en allégeant les taxes et à contrario augmenter celles de ceux qui ont fait le choix de la délocalisation.;12;Économie
;;Nous devrions décentraliser le pouvoir au région, voir au département ou aux communes pour mettre en place des politiques plus proches des territoires et des citoyens.;9;Société et vivre ensemble
;;Nous devrions demander un droit de regard sur les investissements de l'argent public pour éviter les nombreux scandales ou investissements perdus mais aussi de pouvoir contester ceux-ci lorsqu'ils sont contraire au bien-être de la société civile.;5;Économie
;;Nous devrions transformer chaque pelouse d'entreprises en ilôt de biodiversité.;4;Environnement et développement durable
;;Nous devrions réhabiliter les friches urbaines avant de continuer à construire et à artificialiser les sols. Il faut mener une étude dans chaque ville pour déterminer le nombre de locaux vacants ou à réhabiliter avant de lancer des programmes de logements neufs.;5;Urbanisme et aménagement
;;"Nous devrions redonner une place dans notre système de soin aux plantes médicinales et au métier d'herboriste : prévention, respect du vivant, accessibilité des soins pour les maux courants, complémentarité et collaboration avec médecine ""moderne""/allopathique";6;Environnement et développement durable,Santé
;;"Pistes cyclables et vélo électrique à développer d'urgence en zones urbaines, quitte à empiéter sur les voiries ""voitures"" non stratégiques.
Aucun trajet de moins de 10 km ne devrait être fait en voiture en zone urbaine";8;Urbanisme et aménagement
;;Nous devrions Arrêter de détruire notre production en l’envoyant en Asie !;3;Économie
;;Je voudrais que l'on arrête l'étalement urbain. Je voudrais que l'on redinamise les centres urbains pour éviter la construction de nouveaux lotissements.  Il devient urgent d'arrêter de tout bétonner. Il est temps de préserver nos surfaces agricoles et nos forêts.;3;Urbanisme et aménagement
;;Je voudrais que l'on développe le ré-emploi, favoriser les achats de seconde main quand c'est possible, un retour de la consigne pour certain emballages. Et surtout je voudrais que l'on consomme moins.;9;Environnement et développement durable
;;Je voudrais que les villes soient moins bruyantes. Les motos, les sirènes de pompiers, la circulation trop importante, les kloaxons. Ah que la ville a été agréable pendant ces premières semaines de confinement.;4;Urbanisme et aménagement
;;Je voudrais un jour par mois sans voitures dans les villes pour que les conducteurs expérimentent d’autres façons de se déplacer quotidiennement;3;Transports et Mobilité
;;Je voudrais rendre le pouvoir à nos élus et pas aux multinationales;3;Société et vivre ensemble
;;Je voudrais taxer le kérosène des avions sur les lignes intérieures.  ! Le kérosène sur les vols intérieurs est déjà taxé au Japon, en Suède et dans d’autres pays. Par ailleurs, puisqu’une loi internationale qui date de 1945 empêche la taxati;5;Transports et Mobilité
;;Je voudrais annuler les accords internationaux qui permettent aux entreprises de porter plainte contre les états;4;Économie
;;Je voudrais que notre médecine soit holistique, et donc qu'elle prenne en compte l'individu dans sa globalité, en fonction des facteurs génétique, environnementaux, alimentation, stress, terrain propre à chacun. Que notre médecine ne traite plus seulement;2;Santé
;;Je voudrais que l'on empêche les lobbys pharmaceutique d'exercer leur influence sur la médecine et que la vie des patients ne soit plus entre les mains d'interêts financier et que chacun puisse se soigner comme il le souhaite (avec des plantes, des thérapies alternat;3;Santé
;;Nous devrions FACILITER le vélo en ville;5;Transports et Mobilité
;;j'ai une idée ! sur les 30 à 40 centimes de packaging que nous payons sur chaque  produit de consommation acheté pourquoi  ne récupérerions nous pas au moins la tva sur la valeur  de ces matiéres premiéres que  nous trions et jetons  graçieusement dans n;1;
;;Comment pourrions-nous Faire en sorte que les communes coordonnent les travaux de voirie et réseaux divers pour éviter d'ouvrir les trottoirs tous les six mois pour faire intervenir un nouveau corps de métier (fibre, gaz, eaux usées, ...). Cela ferait moins de déchets.;1;Urbanisme et aménagement
;;Je voudrais Que l'on aide financièrement toute initiative ou entreprise qui favorise l'économie circulaire.;5;Environnement et développement durable
;;Je voudrais Que nos enfants apprennent à se servir du traitement de texte à l'école à la place d' écrire au stylo plume. L'ordinateur est un outil de travail qu'il faut maîtriser. Seuls les patrons signent au plume par vanité! C'est totalement désuet.;4;Éducation
;;J'ai une idée ! Créer un revenu universel versé en monnaie locale et permettant à chaque personne de se loger et de se nourrir.;2;Économie
;;J'ai une idée ! Créer une subvention sur les produits respectant l’environnement, financée par une taxe sur les produits polluants.;2;Économie
;;I have an idea ! To provide a place where families can work remotely, have their children looked after and eat a nice meal.;1;Enfants et famille
;;J'ai une idée ! Planter des legumes dans les  espaces verts;1;
;;Nous avons besoin D'une maison de l'agriculture urbaine;1;
;;Nous devrions construire un plan de financement dédié à la filière bio avec Bpifrance;1;Économie
;;Nous devrions créer un statut de jeune entreprise à impact environnemental pour accompagner les jeunes pousses;1;Économie
;;Nous devrions mettre en place un dispositif de suramortissement pour la filière bio afin de soutenir les investissements et sa nécessaire montée en puissance;1;Économie
;;Nous devrions constituer un fonds d’indemnisation pour répondre à la problématique des contaminations accidentelles liées à l’utilisation de produits phytosanitaires;1;Économie
;;Nous devrions encadrer les pénalités de la grande distribution afin de préserver l’équilibre du partage de la valeur dans les filières bio;2;Économie
;;Nous devrions préserver les acquis du cahier des charges bio et intégrer progressivement les enjeux du développement durable;1;Économie
;;J'ai une idée ! Soutenir et renforcer l éducation et l’ apprentissage à la biodiversité qui est  l un des enjeux majeurs des  générations à venir;4;Environnement et développement durable
;;J'ai une idée ! Pourquoi  ne pas transformer en travaux d'interêt public  tout PV dont le montant est inférieur ou égal à 135€, exemple un PV de 35€ équivaut à 4 heures de désherbage de jardins publics ou toute autre tache nécéssaire à la salubrité de l'e;5;
;;I would like une société responsable et un environnement respecté de tous. Il faudrait qu'on integre davantage le vivre-ensemble et le respect de la vie sur Terre dès le plus jeune age. Il faut éduquer, informer, accompagner, se rassembler, s'entraider pour mieux vivr;2;Société et vivre ensemble
;;I would like qu'on encourage et developpe l'économie circulaire.  Que la sobriété devienne un modèle de société. Qu'on favorise les transports en commun;1;Société et vivre ensemble
;;I would like Que la 5G  et que le totalitarisme  numérique soit abandonnés.  Ce n'est pas en épiant les populations et en jouant sur la peur que nous vivrons sereinement, en harmonie et surtout en bonne santé.;1;Technologie, numérique et innovation
;;Nous avons besoin de repenser le système économique qui ne subvient ni aux besoins des individus, ni à l'environnement, ni à notre santé.;1;Économie